platform_review_id,review_date,first_seen_at,first_seen_delay_minutes
004fce49-5872-4b31-9341-07a0a78d6cfd,2026-06-08 13:19:20+00:00,2026-06-09 22:40:58.053470+00:00,2001.6342245
00cc00d5-8f11-44c9-9e64-7abc5ed23ba2,2026-06-08 18:32:15+00:00,2026-06-09 22:40:58.053470+00:00,1688.7175578333333
010cf038-18f1-47c1-95f3-065d1072220e,2026-06-08 14:48:17+00:00,2026-06-09 22:40:58.053470+00:00,1912.6842245
012bd4b9-90e2-4b4e-9586-32ab3b73407a,2026-06-08 16:16:47+00:00,2026-06-09 22:40:58.053470+00:00,1824.1842245
015947f4-a2d0-4f32-867d-ed2bcd93a872,2026-06-08 14:21:41+00:00,2026-06-09 22:40:58.053470+00:00,1939.2842245
01acc7d0-0470-47b7-beaf-da3a76b01360,2026-06-08 14:29:51+00:00,2026-06-09 22:40:58.053470+00:00,1931.1175578333334
022ce2e6-f71c-4451-9ff3-a16dc61737be,2026-06-08 15:01:10+00:00,2026-06-09 22:40:58.053470+00:00,1899.8008911666666
023ffc54-02c7-4dbd-b4c0-8cccb642f39f,2026-06-08 18:23:28+00:00,2026-06-09 22:40:58.053470+00:00,1697.5008911666666
025218c7-e103-4fca-b672-bef7a2042c8c,2026-06-08 15:29:17+00:00,2026-06-09 22:40:58.053470+00:00,1871.6842245
0266a548-0683-4ca0-a925-e6b0ea2bda6a,2026-06-08 13:45:10+00:00,2026-06-09 22:40:58.053470+00:00,1975.8008911666666
02884aba-7e5f-4b98-aa54-dabef9a6dfe9,2026-06-08 16:44:53+00:00,2026-06-09 22:40:58.053470+00:00,1796.0842245
02987dd8-9e4f-4889-b4e8-82366efa6b7d,2026-06-08 16:57:57+00:00,2026-06-09 22:40:58.053470+00:00,1783.0175578333333
029dafa2-c8c3-4291-8de0-5c3c1691c112,2026-06-08 14:05:48+00:00,2026-06-09 22:40:58.053470+00:00,1955.1675578333334
02a926a2-7ec9-44f6-9f6d-709044c984c9,2026-06-08 14:27:27+00:00,2026-06-09 22:40:58.053470+00:00,1933.5175578333333
02b141c6-d1b9-4ec3-83c5-28c0e1f4fce6,2026-06-08 19:16:32+00:00,2026-06-09 23:33:34.443759+00:00,1697.0407293166668
03942500-be8f-4c33-9025-989c930b5279,2026-06-08 13:41:05+00:00,2026-06-09 22:40:58.053470+00:00,1979.8842245
03a41b08-466e-4fb2-a18a-2adaf0c18da5,2026-06-08 17:17:46+00:00,2026-06-09 22:40:58.053470+00:00,1763.2008911666667
03beb28d-eee6-4593-851c-060db9784195,2026-06-08 16:54:04+00:00,2026-06-09 22:40:58.053470+00:00,1786.9008911666667
03e31714-8399-4e3f-aed0-12c10e461fd0,2026-06-08 16:19:33+00:00,2026-06-09 22:40:58.053470+00:00,1821.4175578333334
03f13024-1508-4ced-b76a-f5ee0206a457,2026-06-08 14:00:16+00:00,2026-06-09 22:40:58.053470+00:00,1960.7008911666667
04074e06-f7de-47af-9a8d-10e6f19e42dd,2026-06-08 13:10:48+00:00,2026-06-09 22:40:58.053470+00:00,2010.1675578333334
0445afaa-e9d2-47f2-922b-5d8f20406667,2026-06-08 13:29:09+00:00,2026-06-09 22:40:58.053470+00:00,1991.8175578333332
0455f74d-4069-499f-855e-be79053b4373,2026-06-08 14:15:28+00:00,2026-06-09 22:40:58.053470+00:00,1945.5008911666666
04688295-1ccc-4961-b782-0357a4b88010,2026-06-08 13:45:13+00:00,2026-06-09 22:40:58.053470+00:00,1975.7508911666666
0472cc59-8f32-4f06-bc24-dc1f0c0835ec,2026-06-08 14:23:12+00:00,2026-06-09 22:40:58.053470+00:00,1937.7675578333333
04753e56-abb9-48d9-a73b-1ef6e00e213b,2026-06-08 16:40:19+00:00,2026-06-09 22:40:58.053470+00:00,1800.6508911666667
047a4ae9-55b6-4d84-aa44-d6ff9a70797c,2026-06-08 14:49:04+00:00,2026-06-09 22:40:58.053470+00:00,1911.9008911666667
04b300c1-2298-46fe-a82f-200d9a886a6a,2026-06-08 18:03:34+00:00,2026-06-09 22:40:58.053470+00:00,1717.4008911666667
04b91a43-57bf-4db1-9f0d-b11fd4dd5675,2026-06-08 13:05:00+00:00,2026-06-09 22:40:58.053470+00:00,2015.9675578333333
053de50b-5d6b-4b1d-b54a-81fb53f07230,2026-06-08 13:57:07+00:00,2026-06-09 22:40:58.053470+00:00,1963.8508911666665
056abd66-7b31-4a74-bc46-9196bc089a4d,2026-06-08 18:16:47+00:00,2026-06-09 22:40:58.053470+00:00,1704.1842245
058414e5-5630-4040-9173-62d88e13e8b1,2026-06-08 13:47:43+00:00,2026-06-09 22:40:58.053470+00:00,1973.2508911666666
05a80f6b-d96b-4f17-a1a8-cc8a76116b45,2026-06-08 17:59:41+00:00,2026-06-09 22:40:58.053470+00:00,1721.2842245
05cff29e-e995-4d84-883e-36c696b44cde,2026-06-08 15:04:06+00:00,2026-06-09 22:40:58.053470+00:00,1896.8675578333334
05d0902a-d776-4d2c-8b3b-07442aa5c957,2026-06-08 20:56:20+00:00,2026-06-10 01:03:39.944905+00:00,1687.3324150833332
05d9edab-08ae-4f6d-ba79-d75b56cbe18b,2026-06-08 18:33:21+00:00,2026-06-09 22:40:58.053470+00:00,1687.6175578333334
05ed8a82-5f00-4035-a300-48cb084cf7ee,2026-06-08 13:07:03+00:00,2026-06-09 22:40:58.053470+00:00,2013.9175578333334
06572e20-2bd3-4eda-813e-588c540127c1,2026-06-08 14:01:10+00:00,2026-06-09 22:40:58.053470+00:00,1959.8008911666666
066a649c-4259-4f13-8c55-9e61fd3a0f30,2026-06-08 20:47:40+00:00,2026-06-10 01:03:39.944905+00:00,1695.99908175
067d963e-a3d8-4e2d-a7c4-0d0eac1bc65c,2026-06-08 16:08:26+00:00,2026-06-09 22:40:58.053470+00:00,1832.5342245
0689ad2e-b2fe-434b-8501-3247c02fbfbe,2026-06-08 14:10:25+00:00,2026-06-09 22:40:58.053470+00:00,1950.5508911666666
070d2038-d07c-4d10-8616-5909690a7165,2026-06-08 17:32:51+00:00,2026-06-09 22:40:58.053470+00:00,1748.1175578333334
07664497-0e74-43de-8e3b-79e44c9253e9,2026-06-08 16:41:06+00:00,2026-06-09 22:40:58.053470+00:00,1799.8675578333334
07b24bda-d20a-445c-8e4b-f39e6d6ff82d,2026-06-08 16:39:23+00:00,2026-06-09 22:40:58.053470+00:00,1801.5842245
07c99160-6eae-41a8-993c-fc051aa8bc51,2026-06-08 14:57:40+00:00,2026-06-09 22:40:58.053470+00:00,1903.3008911666666
083f617c-1c10-45ad-ad65-47f13abbb3c7,2026-06-08 15:17:35+00:00,2026-06-09 22:40:58.053470+00:00,1883.3842245
0891d8fd-53c4-453b-8a46-0494e77a7e08,2026-06-08 20:58:35+00:00,2026-06-10 01:03:39.944905+00:00,1685.0824150833332
08dad0c1-e84e-47c2-8d2c-22490954aeba,2026-06-08 17:11:05+00:00,2026-06-09 22:40:58.053470+00:00,1769.8842245
08ee317a-d1fb-4575-b257-5470af0435cb,2026-06-08 20:18:25+00:00,2026-06-10 01:03:39.944905+00:00,1725.24908175
0900bfff-f26d-4d56-99d6-56f75992f0f2,2026-06-08 13:18:31+00:00,2026-06-09 22:40:58.053470+00:00,2002.4508911666667
090b1c39-39e7-4b76-835f-eb738c212d68,2026-06-08 20:27:59+00:00,2026-06-10 01:03:39.944905+00:00,1715.6824150833334
093809ad-5bc3-4020-8049-9f8d827dcfc0,2026-06-08 13:08:45+00:00,2026-06-09 22:40:58.053470+00:00,2012.2175578333333
09459b3c-9d06-498f-a8f4-6f32c9ef4719,2026-06-08 15:43:07+00:00,2026-06-09 22:40:58.053470+00:00,1857.8508911666665
09b094f9-7212-4550-a287-c614ac73b0ce,2026-06-08 13:05:10+00:00,2026-06-09 22:40:58.053470+00:00,2015.8008911666666
0a465c66-f784-4ea3-874c-e4242bf37cee,2026-06-08 20:10:55+00:00,2026-06-10 01:03:39.944905+00:00,1732.74908175
0abae53b-bfed-4c2d-88a3-b9158fad856c,2026-06-08 15:17:11+00:00,2026-06-09 22:40:58.053470+00:00,1883.7842245
0b0e32b5-34cd-40ed-b6f8-19fd6c4c7310,2026-06-08 19:02:34+00:00,2026-06-09 23:03:39.587405+00:00,1681.0931234166667
0b11e71c-c5e0-4fba-b181-18ce7c4e7405,2026-06-08 17:09:03+00:00,2026-06-09 22:40:58.053470+00:00,1771.9175578333334
0b8e199e-b9e7-4cea-8c09-05cb43db4fc0,2026-06-08 18:13:23+00:00,2026-06-09 22:40:58.053470+00:00,1707.5842245
0b99a07b-342e-4945-8b56-d9a5566e5da8,2026-06-08 20:08:56+00:00,2026-06-10 01:03:39.944905+00:00,1734.7324150833333
0ba37b19-2f52-4b4a-8130-ec5fedf48148,2026-06-08 14:22:26+00:00,2026-06-09 22:40:58.053470+00:00,1938.5342245
0c0d0274-0eed-46f0-89b1-0f0ac5f2d3f9,2026-06-08 13:00:37+00:00,2026-06-09 22:40:58.053470+00:00,2020.3508911666665
0c3265cc-67f6-4a38-847b-a72c9a2fea9a,2026-06-08 14:39:46+00:00,2026-06-09 22:40:58.053470+00:00,1921.2008911666667
0c95368d-3fee-489d-b3aa-7e0b5533adb4,2026-06-08 16:35:52+00:00,2026-06-09 22:40:58.053470+00:00,1805.1008911666665
0d768f50-a196-42da-b7b5-b89033fb12fb,2026-06-08 20:54:08+00:00,2026-06-10 01:03:39.944905+00:00,1689.5324150833333
0dafc691-264f-4226-95ff-d8767ff1bacb,2026-06-08 15:27:54+00:00,2026-06-09 22:40:58.053470+00:00,1873.0675578333332
0dce6fc5-1fc0-4866-96da-bc4569e30173,2026-06-08 13:18:13+00:00,2026-06-09 22:40:58.053470+00:00,2002.7508911666666
0ddb4d39-f2a6-4c4f-8397-401cd27a798c,2026-06-08 14:17:17+00:00,2026-06-09 22:40:58.053470+00:00,1943.6842245
0de79564-c18f-427c-a412-300a679eafe2,2026-06-08 14:52:05+00:00,2026-06-09 22:40:58.053470+00:00,1908.8842245
0de989e4-f90e-480c-9b48-7791cd50a39f,2026-06-08 17:05:23+00:00,2026-06-09 22:40:58.053470+00:00,1775.5842245
0e10553a-9666-4181-8d64-9c14ec3b4783,2026-06-08 17:02:28+00:00,2026-06-09 22:40:58.053470+00:00,1778.5008911666666
0e25db88-5dc2-497b-998a-6fa1056c5e5f,2026-06-08 16:24:58+00:00,2026-06-09 22:40:58.053470+00:00,1816.0008911666666
0e580e5a-db88-4d70-8eea-bed2a98a65f5,2026-06-08 15:57:09+00:00,2026-06-09 22:40:58.053470+00:00,1843.8175578333332
0e933909-e1a0-4377-aa71-2c33b051be39,2026-06-08 14:26:26+00:00,2026-06-09 22:40:58.053470+00:00,1934.5342245
0ed22118-2058-43da-aee6-c143e5aec6c4,2026-06-08 20:38:35+00:00,2026-06-10 01:03:39.944905+00:00,1705.0824150833332
0ed39200-3921-408e-a2a9-6677ddcbce02,2026-06-08 15:39:31+00:00,2026-06-09 22:40:58.053470+00:00,1861.4508911666667
0ee1969f-fcbc-458b-a75e-a90f7b2eb1ec,2026-06-08 14:16:11+00:00,2026-06-09 22:40:58.053470+00:00,1944.7842245
0f04b4b4-d7db-404a-9cda-d1aae5edda93,2026-06-08 15:07:51+00:00,2026-06-09 22:40:58.053470+00:00,1893.1175578333334
0f1fe9d0-237e-4e71-a490-a28fe81c01fc,2026-06-08 14:15:44+00:00,2026-06-09 22:40:58.053470+00:00,1945.2342245
0f493177-10b5-4c65-ae5d-ecc9137a1886,2026-06-08 13:32:48+00:00,2026-06-09 22:40:58.053470+00:00,1988.1675578333334
0f72f486-566a-4dad-bdb3-2252a0fa3290,2026-06-08 13:13:28+00:00,2026-06-09 22:40:58.053470+00:00,2007.5008911666666
0f96fff9-ef52-4986-a9a7-ee75745c25cd,2026-06-08 14:10:31+00:00,2026-06-09 22:40:58.053470+00:00,1950.4508911666667
102ff5a0-ac88-42c1-b3f1-d23557112fe5,2026-06-08 17:36:04+00:00,2026-06-09 22:40:58.053470+00:00,1744.9008911666667
104c2189-fd43-4397-bec5-66cf59a75ab4,2026-06-08 13:06:29+00:00,2026-06-09 22:40:58.053470+00:00,2014.4842245
10bcdf72-995d-4f3a-9b92-b322c86518ab,2026-06-08 20:15:13+00:00,2026-06-10 01:03:39.944905+00:00,1728.44908175
11c3b2be-4468-462c-af86-4fa427d820cd,2026-06-08 16:37:47+00:00,2026-06-09 22:40:58.053470+00:00,1803.1842245
11e3d474-8f6a-40c0-a0f3-198bb11d7b68,2026-06-08 19:22:14+00:00,2026-06-09 23:33:34.443759+00:00,1691.3407293166667
11fe4059-c284-418c-8299-b7da874590cd,2026-06-08 14:39:11+00:00,2026-06-09 22:40:58.053470+00:00,1921.7842245
1238a861-376c-4d67-bc17-daeff2aefd33,2026-06-08 20:34:17+00:00,2026-06-10 01:03:39.944905+00:00,1709.3824150833332
12439cc6-57b7-40a4-a767-96672f3b0161,2026-06-08 15:24:27+00:00,2026-06-09 22:40:58.053470+00:00,1876.5175578333333
135b6fe2-0f3b-4a78-8cb6-9ed257eead08,2026-06-08 14:29:17+00:00,2026-06-09 22:40:58.053470+00:00,1931.6842245
13b7a227-ac3b-427f-bbbd-3896efb7af20,2026-06-08 17:30:06+00:00,2026-06-09 22:40:58.053470+00:00,1750.8675578333334
14044283-512c-4358-87c6-28d480185622,2026-06-08 13:39:27+00:00,2026-06-09 22:40:58.053470+00:00,1981.5175578333333
1424d9d4-19ea-49b8-82b5-f392a04acc2b,2026-06-08 17:19:18+00:00,2026-06-09 22:40:58.053470+00:00,1761.6675578333334
142cbb3e-277a-413c-b0b4-b20c7a0e0ae4,2026-06-08 13:38:36+00:00,2026-06-09 22:40:58.053470+00:00,1982.3675578333334
14e73370-e1fd-4d18-aab0-fdfbdf76c657,2026-06-08 13:04:37+00:00,2026-06-09 22:40:58.053470+00:00,2016.3508911666665
151e3547-1e79-4e9b-b25a-c74082785f8f,2026-06-08 13:47:35+00:00,2026-06-09 22:40:58.053470+00:00,1973.3842245
15232fd7-2444-437c-8f2c-31b1a3f99a9a,2026-06-08 18:35:42+00:00,2026-06-09 22:40:58.053470+00:00,1685.2675578333333
152c8381-166a-4de4-b1bb-6d5071d64047,2026-06-08 13:41:35+00:00,2026-06-09 22:40:58.053470+00:00,1979.3842245
153b9dc1-6d5c-4eda-9781-9e2bc0e36427,2026-06-08 18:15:17+00:00,2026-06-09 22:40:58.053470+00:00,1705.6842245
15a91c5e-d40a-45ac-9cad-9502c0d706a7,2026-06-08 17:18:28+00:00,2026-06-09 22:40:58.053470+00:00,1762.5008911666666
15eeb664-fce8-46ca-a80c-190c05311dbf,2026-06-08 13:37:56+00:00,2026-06-09 22:40:58.053470+00:00,1983.0342245
1602e62c-ba5f-4833-bb28-8ec4213e4570,2026-06-08 15:39:43+00:00,2026-06-09 22:40:58.053470+00:00,1861.2508911666666
1624248b-58b3-4bd6-ae09-b87acf3f53ed,2026-06-08 14:38:47+00:00,2026-06-09 22:40:58.053470+00:00,1922.1842245
165cd6ce-59e5-4cfb-b631-e2aae4b70ddd,2026-06-08 18:30:54+00:00,2026-06-09 22:40:58.053470+00:00,1690.0675578333332
16eb56c9-e59f-4537-ba96-361d0bc24f98,2026-06-08 16:10:01+00:00,2026-06-09 22:40:58.053470+00:00,1830.9508911666667
16f6921a-4ac9-4a2a-af2c-28127ab5aac2,2026-06-08 16:17:59+00:00,2026-06-09 22:40:58.053470+00:00,1822.9842245
17211065-8a67-43e3-bb54-1f15e75d545f,2026-06-08 13:15:50+00:00,2026-06-09 22:40:58.053470+00:00,2005.1342245
17e182f2-df06-4d29-ab0b-fb7d8fd2422f,2026-06-08 16:31:36+00:00,2026-06-09 22:40:58.053470+00:00,1809.3675578333334
17e80c5b-56c8-4ed9-a8b3-2431a57b1684,2026-06-08 14:17:49+00:00,2026-06-09 22:40:58.053470+00:00,1943.1508911666667
17fefc14-7cab-49dd-a55a-7451a586dd78,2026-06-08 20:14:59+00:00,2026-06-10 01:03:39.944905+00:00,1728.6824150833334
181de50e-93af-413e-a1b5-3c38fb4c8e6a,2026-06-08 15:16:59+00:00,2026-06-09 22:40:58.053470+00:00,1883.9842245
18e0c9ea-c494-425f-a13a-c4e03bb0b693,2026-06-08 14:09:07+00:00,2026-06-09 22:40:58.053470+00:00,1951.8508911666665
18f2cd12-e2b2-45ea-bdfa-3193dcc7dcd9,2026-06-08 19:08:24+00:00,2026-06-09 23:33:34.443759+00:00,1705.17406265
18f59a40-f320-4fbd-81a8-f33876846164,2026-06-08 15:08:59+00:00,2026-06-09 22:40:58.053470+00:00,1891.9842245
190b1a02-fba0-4932-84b1-bbcd15a55d48,2026-06-08 14:58:56+00:00,2026-06-09 22:40:58.053470+00:00,1902.0342245
194a01ed-0e6e-4931-b168-ac6f570b1e40,2026-06-08 13:48:09+00:00,2026-06-09 22:40:58.053470+00:00,1972.8175578333332
197cab95-1841-496d-ba78-7fad4be27da5,2026-06-08 19:48:49+00:00,2026-06-10 00:03:36.950572+00:00,1694.7991762
1986e670-e9d0-4aaf-9d61-235cc8f0fc4f,2026-06-08 13:23:14+00:00,2026-06-09 22:40:58.053470+00:00,1997.7342245
198f6a62-44a4-4242-80ec-048edb7fa025,2026-06-08 13:49:59+00:00,2026-06-09 22:40:58.053470+00:00,1970.9842245
19c40aa8-5216-45c6-beb4-c6bce1d5f755,2026-06-08 19:30:42+00:00,2026-06-09 23:33:34.443759+00:00,1682.87406265
19cdf42c-cc91-4d38-8a3e-36ef7115908e,2026-06-08 14:44:31+00:00,2026-06-09 22:40:58.053470+00:00,1916.4508911666667
19e9c9e3-6d69-49ef-9b99-f0c3e21252c2,2026-06-08 16:10:36+00:00,2026-06-09 22:40:58.053470+00:00,1830.3675578333334
1a2c1d4e-94d8-4bf1-8d2a-a0dab2ff7a30,2026-06-08 15:07:11+00:00,2026-06-09 22:40:58.053470+00:00,1893.7842245
1a55c832-1d27-4277-9a5f-c8c9438a1b44,2026-06-08 14:23:42+00:00,2026-06-09 22:40:58.053470+00:00,1937.2675578333333
1a63b086-b189-4f35-8faa-029c72bdaebb,2026-06-08 18:06:01+00:00,2026-06-09 22:40:58.053470+00:00,1714.9508911666667
1a72501b-f168-4666-ba43-7b87c34f852e,2026-06-08 15:48:14+00:00,2026-06-09 22:40:58.053470+00:00,1852.7342245
1a8860e2-71e8-4e6b-bbac-b1d625d2f635,2026-06-08 16:37:32+00:00,2026-06-09 22:40:58.053470+00:00,1803.4342245
1a8bc7a9-8f5d-4940-96d0-35b41cd634c7,2026-06-08 17:16:53+00:00,2026-06-09 22:40:58.053470+00:00,1764.0842245
1ab33daf-a386-4318-b398-e837c90a5a34,2026-06-08 17:04:52+00:00,2026-06-09 22:40:58.053470+00:00,1776.1008911666665
1abbb27b-bed0-4b68-8f26-61cf5c61f8a0,2026-06-08 15:00:25+00:00,2026-06-09 22:40:58.053470+00:00,1900.5508911666666
1b239c0c-e839-4434-89ea-5503beb5e836,2026-06-08 13:18:53+00:00,2026-06-09 22:40:58.053470+00:00,2002.0842245
1b4dc7e1-45d6-47b0-b211-fd2c79985cdb,2026-06-08 15:13:57+00:00,2026-06-09 22:40:58.053470+00:00,1887.0175578333333
1b783f8c-a4f7-4819-a1e4-0014af9e39f4,2026-06-08 14:41:58+00:00,2026-06-09 22:40:58.053470+00:00,1919.0008911666666
1b850933-ed3f-41f2-8846-a676c93948d2,2026-06-08 15:00:02+00:00,2026-06-09 22:40:58.053470+00:00,1900.9342245
1ba6e467-563d-47c3-b19f-356e6cb80eae,2026-06-08 16:30:16+00:00,2026-06-09 22:40:58.053470+00:00,1810.7008911666667
1bd15341-1429-47bb-937b-812650467d8f,2026-06-08 18:05:06+00:00,2026-06-09 22:40:58.053470+00:00,1715.8675578333334
1c0a73f7-eb51-4410-b484-2b86f3589cad,2026-06-08 16:45:16+00:00,2026-06-09 22:40:58.053470+00:00,1795.7008911666667
1c18a58c-27c8-4b24-9f95-b4823bd12afd,2026-06-08 20:57:41+00:00,2026-06-10 01:03:39.944905+00:00,1685.9824150833333
1c6d4cda-180a-4c9b-9756-93305e39c583,2026-06-08 14:30:46+00:00,2026-06-09 22:40:58.053470+00:00,1930.2008911666667
1c864db2-8d84-419b-a1b8-960fea772b4a,2026-06-08 14:00:07+00:00,2026-06-09 22:40:58.053470+00:00,1960.8508911666665
1c8c6369-5f03-4200-870e-ecb11a164de6,2026-06-08 20:49:51+00:00,2026-06-10 01:03:39.944905+00:00,1693.8157484166666
1cb43f20-6006-42ff-ad0b-0a91cf982cff,2026-06-08 20:06:18+00:00,2026-06-10 01:03:39.944905+00:00,1737.3657484166665
1cbbe70f-1d9b-4bcc-b9f8-2a92bbde750a,2026-06-08 14:43:24+00:00,2026-06-09 22:40:58.053470+00:00,1917.5675578333332
1cc82d05-de92-4615-8976-e44d3dc608ab,2026-06-08 14:34:03+00:00,2026-06-09 22:40:58.053470+00:00,1926.9175578333334
1cf74924-e0f7-4480-b460-1a472d78b822,2026-06-08 13:36:27+00:00,2026-06-09 22:40:58.053470+00:00,1984.5175578333333
1dc337bf-2e80-4fdf-88b6-666e74c93a66,2026-06-08 13:33:16+00:00,2026-06-09 22:40:58.053470+00:00,1987.7008911666667
1dd3269c-d2c7-47a1-a010-e806cb5fd74e,2026-06-08 17:33:24+00:00,2026-06-09 22:40:58.053470+00:00,1747.5675578333332
1e0b6248-9ee8-4df1-b5ed-71fbf0dcaac1,2026-06-08 14:28:49+00:00,2026-06-09 22:40:58.053470+00:00,1932.1508911666667
1ebe5dba-ea28-41f3-868b-aefcf0581644,2026-06-08 18:24:52+00:00,2026-06-09 22:40:58.053470+00:00,1696.1008911666665
1ef0cd5d-a864-491d-8b65-111bdec00f01,2026-06-08 16:54:01+00:00,2026-06-09 22:40:58.053470+00:00,1786.9508911666667
1f069ddd-2f90-48cc-86f4-7a9babd86779,2026-06-08 13:48:42+00:00,2026-06-09 22:40:58.053470+00:00,1972.2675578333333
1f25fd45-fde6-41a4-b686-dec7040f998b,2026-06-08 19:39:05+00:00,2026-06-10 00:03:36.950572+00:00,1704.5325095333333
1f2a06b6-8e0e-409a-b19c-cf6f23ea83c8,2026-06-08 14:46:56+00:00,2026-06-09 22:40:58.053470+00:00,1914.0342245
1f658b2a-0ce9-471d-b834-64cb2e90f40f,2026-06-08 15:06:48+00:00,2026-06-09 22:40:58.053470+00:00,1894.1675578333334
1f8a972a-6df7-4831-8737-525c3e79c363,2026-06-08 13:15:32+00:00,2026-06-09 22:40:58.053470+00:00,2005.4342245
1f976044-152a-44f4-83c7-7bc6fcbfcd8f,2026-06-08 14:52:30+00:00,2026-06-09 22:40:58.053470+00:00,1908.4675578333333
1f9fc4f6-6ce7-4ddf-bae0-7a4962db2a36,2026-06-08 15:35:09+00:00,2026-06-09 22:40:58.053470+00:00,1865.8175578333332
1fbf2fc5-2e0e-44ac-ac96-14bf7c31640f,2026-06-08 17:17:30+00:00,2026-06-09 22:40:58.053470+00:00,1763.4675578333333
1fd0c486-25ad-4504-b2db-b9d2005661e5,2026-06-08 14:14:02+00:00,2026-06-09 22:40:58.053470+00:00,1946.9342245
1fd4d885-0377-44fb-9778-c7248a5674da,2026-06-08 13:42:32+00:00,2026-06-09 22:40:58.053470+00:00,1978.4342245
1ff34374-1672-412f-8699-84f5d4c74764,2026-06-08 19:00:57+00:00,2026-06-09 23:03:39.587405+00:00,1682.7097900833332
1ff94412-aed1-49c4-b0d1-fac54db6bee4,2026-06-08 20:22:43+00:00,2026-06-10 01:03:39.944905+00:00,1720.94908175
202b5447-af89-4df3-b1d8-b2b9995d7035,2026-06-08 14:23:51+00:00,2026-06-09 22:40:58.053470+00:00,1937.1175578333334
207bde37-49c7-4fac-8a18-2e0d52bb5e6d,2026-06-08 15:31:34+00:00,2026-06-09 22:40:58.053470+00:00,1869.4008911666667
208df023-13ff-476b-a27f-1054ef2b140f,2026-06-08 13:31:24+00:00,2026-06-09 22:40:58.053470+00:00,1989.5675578333332
20d35ebd-c7bb-4545-9da8-42dcd8115cd5,2026-06-08 13:31:26+00:00,2026-06-09 22:40:58.053470+00:00,1989.5342245
21def518-b9d5-4be0-93fa-ac5608d5c26f,2026-06-08 14:06:12+00:00,2026-06-09 22:40:58.053470+00:00,1954.7675578333333
223597be-57d4-4cad-976c-daa2cc6b2916,2026-06-08 14:32:22+00:00,2026-06-09 22:40:58.053470+00:00,1928.6008911666665
2249d08f-b3ab-4b4b-98ab-83b8c3652c7a,2026-06-08 15:30:32+00:00,2026-06-09 22:40:58.053470+00:00,1870.4342245
226d288b-89bd-41e9-8083-b68537590a17,2026-06-08 14:35:27+00:00,2026-06-09 22:40:58.053470+00:00,1925.5175578333333
226ec1e9-b9d7-4d03-a620-c3d4f7756fd3,2026-06-08 13:04:28+00:00,2026-06-09 22:40:58.053470+00:00,2016.5008911666666
22cb1a56-2996-472f-9a2b-01f3b0cf332b,2026-06-08 13:58:15+00:00,2026-06-09 22:40:58.053470+00:00,1962.7175578333333
22dbef02-a6ff-4eee-9432-ee26c72d7b87,2026-06-08 15:18:30+00:00,2026-06-09 22:40:58.053470+00:00,1882.4675578333333
22dc82f9-6748-485b-b2eb-2ff25aad11f2,2026-06-08 19:41:23+00:00,2026-06-10 00:03:36.950572+00:00,1702.2325095333333
23030e01-1f03-4530-afb2-7968d9eb2e53,2026-06-08 13:51:23+00:00,2026-06-09 22:40:58.053470+00:00,1969.5842245
230cdcc0-0899-47f2-b3bd-62237a7b8cd1,2026-06-08 15:37:33+00:00,2026-06-09 22:40:58.053470+00:00,1863.4175578333334
233b803a-d5ff-4e29-a442-fea53ebf0696,2026-06-08 20:09:33+00:00,2026-06-10 01:03:39.944905+00:00,1734.1157484166665
2397d3a9-e250-40a4-b722-18d89af5948f,2026-06-08 14:40:09+00:00,2026-06-09 22:40:58.053470+00:00,1920.8175578333332
23a90fcd-3351-431e-8ca7-e7c26ace7c71,2026-06-08 16:25:28+00:00,2026-06-09 22:40:58.053470+00:00,1815.5008911666666
23affbb8-4308-4406-bfb6-79c4b2c06856,2026-06-08 19:20:58+00:00,2026-06-09 23:33:34.443759+00:00,1692.6073959833334
23b19861-a516-4f04-8c8e-7165044e3f8e,2026-06-08 16:56:09+00:00,2026-06-09 22:40:58.053470+00:00,1784.8175578333332
23ebd6b7-0163-4371-9bc2-6a52bd27c314,2026-06-08 20:42:30+00:00,2026-06-10 01:03:39.944905+00:00,1701.1657484166667
23ed8791-dd5f-4292-9065-c87f8ac06417,2026-06-08 15:00:39+00:00,2026-06-09 22:40:58.053470+00:00,1900.3175578333332
246bd201-6fc9-481c-94e2-769ddaf26c86,2026-06-08 14:05:52+00:00,2026-06-09 22:40:58.053470+00:00,1955.1008911666665
24c87917-8ced-4485-8ceb-f35c4783d7b0,2026-06-08 16:54:05+00:00,2026-06-09 22:40:58.053470+00:00,1786.8842245
24d23802-dd4c-44f8-bdc7-6f3c57a5a17c,2026-06-08 13:28:08+00:00,2026-06-09 22:40:58.053470+00:00,1992.8342245
24e4fbdb-29e7-4e18-8c36-95fea2326c70,2026-06-08 14:10:09+00:00,2026-06-09 22:40:58.053470+00:00,1950.8175578333332
2526c939-912f-4092-b137-1a2b13ed8259,2026-06-08 19:09:18+00:00,2026-06-09 23:33:34.443759+00:00,1704.2740626500001
252f50b0-569f-4445-9fc5-13694b63fa23,2026-06-08 15:09:03+00:00,2026-06-09 22:40:58.053470+00:00,1891.9175578333334
25af04dc-590c-4f17-afac-c537b7ad15e3,2026-06-08 13:49:33+00:00,2026-06-09 22:40:58.053470+00:00,1971.4175578333334
25f26d82-e82d-465a-912c-7799352e5309,2026-06-08 13:30:55+00:00,2026-06-09 22:40:58.053470+00:00,1990.0508911666666
2605eeb8-435a-4580-a0e2-eb091c3ccb4c,2026-06-08 13:42:55+00:00,2026-06-09 22:40:58.053470+00:00,1978.0508911666666
263a1942-513a-4c3a-9fba-93808be25c94,2026-06-08 14:19:10+00:00,2026-06-09 22:40:58.053470+00:00,1941.8008911666666
26661c78-f054-47b5-bba1-ffee076501af,2026-06-08 19:20:18+00:00,2026-06-09 23:33:34.443759+00:00,1693.2740626500001
268bdb09-c42b-47aa-ba4d-582c271927f0,2026-06-08 14:09:02+00:00,2026-06-09 22:40:58.053470+00:00,1951.9342245
26b7e974-8bfb-487d-8bcd-73fed47a4a6c,2026-06-08 13:12:01+00:00,2026-06-09 22:40:58.053470+00:00,2008.9508911666667
26c0904a-22f1-4490-801e-cd4c73b94c63,2026-06-08 14:09:26+00:00,2026-06-09 22:40:58.053470+00:00,1951.5342245
26e6709b-3788-4a32-82c6-0c3025907cf4,2026-06-08 18:26:23+00:00,2026-06-09 22:40:58.053470+00:00,1694.5842245
272fbc09-b854-417e-89fa-3a8ae9850c35,2026-06-08 14:15:00+00:00,2026-06-09 22:40:58.053470+00:00,1945.9675578333333
27473f08-97cb-46b8-808b-d4fc635ee1d6,2026-06-08 17:49:13+00:00,2026-06-09 22:40:58.053470+00:00,1731.7508911666666
27653cdb-f8b7-419c-ba10-b4980f181055,2026-06-08 13:40:16+00:00,2026-06-09 22:40:58.053470+00:00,1980.7008911666667
276c39d8-1ba7-4387-a650-971bb48c3a3d,2026-06-08 13:28:08+00:00,2026-06-09 22:40:58.053470+00:00,1992.8342245
27995d36-8a53-4169-a473-2516b72abd36,2026-06-08 16:33:18+00:00,2026-06-09 22:40:58.053470+00:00,1807.6675578333334
27cb5bbb-92a6-412a-919a-746486e45d0f,2026-06-08 20:12:42+00:00,2026-06-10 01:03:39.944905+00:00,1730.9657484166667
27d5bcb3-073b-424f-ba0e-77971fdf716f,2026-06-08 19:33:08+00:00,2026-06-09 23:33:34.443759+00:00,1680.4407293166666
27ebeac2-5591-424c-a068-a5618f35eadc,2026-06-08 13:14:48+00:00,2026-06-09 22:40:58.053470+00:00,2006.1675578333334
27ff060a-fb0c-41a0-ae73-69eb61aba051,2026-06-08 18:12:42+00:00,2026-06-09 22:40:58.053470+00:00,1708.2675578333333
284de74b-658e-49f3-9f27-21c94dec058e,2026-06-08 16:38:47+00:00,2026-06-09 22:40:58.053470+00:00,1802.1842245
28500ec4-354d-47fc-985e-691f8a32b1d6,2026-06-08 14:37:41+00:00,2026-06-09 22:40:58.053470+00:00,1923.2842245
288d8490-37b4-4ead-88d6-30748cd647e7,2026-06-08 13:21:48+00:00,2026-06-09 22:40:58.053470+00:00,1999.1675578333334
28b362bf-d286-486e-b420-fee0c89cb75d,2026-06-08 14:17:27+00:00,2026-06-09 22:40:58.053470+00:00,1943.5175578333333
28d73c97-df7f-4f28-88f3-c742d3a0d5ad,2026-06-08 15:50:20+00:00,2026-06-09 22:40:58.053470+00:00,1850.6342245
292d7706-b3da-4bb9-9d93-22145b6a7073,2026-06-08 13:45:08+00:00,2026-06-09 22:40:58.053470+00:00,1975.8342245
2956e553-6c14-4589-87ff-07398067cf19,2026-06-08 14:22:27+00:00,2026-06-09 22:40:58.053470+00:00,1938.5175578333333
296eb1fa-8c6d-4d63-8f41-deb970e71c1c,2026-06-08 15:35:17+00:00,2026-06-09 22:40:58.053470+00:00,1865.6842245
29d27658-7944-4a5f-b55f-de9bea3c7d12,2026-06-08 17:33:25+00:00,2026-06-09 22:40:58.053470+00:00,1747.5508911666666
29d859b4-1465-4854-ace9-8ff235923546,2026-06-08 18:02:07+00:00,2026-06-09 22:40:58.053470+00:00,1718.8508911666665
29e9e070-3170-40d7-98ad-305c594280ca,2026-06-08 13:52:37+00:00,2026-06-09 22:40:58.053470+00:00,1968.3508911666665
29eedcdc-cf16-4eaf-90e8-b908affcab3f,2026-06-08 15:20:54+00:00,2026-06-09 22:40:58.053470+00:00,1880.0675578333332
2a080318-c0a5-43a7-9e00-90ab48bf7eea,2026-06-08 13:51:04+00:00,2026-06-09 22:40:58.053470+00:00,1969.9008911666667
2a2107d9-7859-46fa-9f8d-9f1045aba2b8,2026-06-08 17:45:53+00:00,2026-06-09 22:40:58.053470+00:00,1735.0842245
2a5c13cd-c2ed-464e-a6ef-e3391cd62adc,2026-06-08 15:49:32+00:00,2026-06-09 22:40:58.053470+00:00,1851.4342245
2a6b52fd-bda2-4357-b154-f68583d10a92,2026-06-08 13:15:54+00:00,2026-06-09 22:40:58.053470+00:00,2005.0675578333332
2af83e49-054c-487f-afb1-0ee48010ba5e,2026-06-08 13:43:44+00:00,2026-06-09 22:40:58.053470+00:00,1977.2342245
2b2dcd74-0ef4-40e9-812b-abe1d992df7a,2026-06-08 18:22:12+00:00,2026-06-09 22:40:58.053470+00:00,1698.7675578333333
2b9d73e5-9138-4511-a491-39e4c180747a,2026-06-08 14:51:21+00:00,2026-06-09 22:40:58.053470+00:00,1909.6175578333334
2ba1c79a-d297-4509-b2bb-3085814da48e,2026-06-08 15:58:21+00:00,2026-06-09 22:40:58.053470+00:00,1842.6175578333334
2bc76bfc-a48e-4013-9155-cde50de35569,2026-06-08 14:46:53+00:00,2026-06-09 22:40:58.053470+00:00,1914.0842245
2bee454b-8642-4052-8600-0c37854676f9,2026-06-08 16:52:00+00:00,2026-06-09 22:40:58.053470+00:00,1788.9675578333333
2c156405-0fa7-4a82-98c4-a0ce01466bed,2026-06-08 17:11:41+00:00,2026-06-09 22:40:58.053470+00:00,1769.2842245
2c248c58-77ab-4294-bc5e-3763e4a940b6,2026-06-08 15:32:28+00:00,2026-06-09 22:40:58.053470+00:00,1868.5008911666666
2c3dda04-050c-4a34-b189-699f9b2b417f,2026-06-08 20:20:58+00:00,2026-06-10 01:03:39.944905+00:00,1722.69908175
2c3df628-a8a1-4286-9a96-45aee281e666,2026-06-08 13:22:50+00:00,2026-06-09 22:40:58.053470+00:00,1998.1342245
2c72ba7f-8ce9-4b96-bec8-128711eb744f,2026-06-08 15:01:38+00:00,2026-06-09 22:40:58.053470+00:00,1899.3342245
2c765089-8fea-4ab1-aafa-9dea4fa4cfb6,2026-06-08 14:20:53+00:00,2026-06-09 22:40:58.053470+00:00,1940.0842245
2cfde750-af0a-4717-89e6-83ee1aa64968,2026-06-08 13:41:31+00:00,2026-06-09 22:40:58.053470+00:00,1979.4508911666667
2d624b99-39a3-469f-9380-843d747b3019,2026-06-08 13:12:35+00:00,2026-06-09 22:40:58.053470+00:00,2008.3842245
2da1e970-3de2-4b1b-8b8d-e38b907dac73,2026-06-08 15:33:55+00:00,2026-06-09 22:40:58.053470+00:00,1867.0508911666666
2e46009a-08f5-4bf9-bc58-6bd54b8b614d,2026-06-08 18:04:55+00:00,2026-06-09 22:40:58.053470+00:00,1716.0508911666666
2e505e78-9a78-4dcb-a763-a1da68318bed,2026-06-08 14:19:56+00:00,2026-06-09 22:40:58.053470+00:00,1941.0342245
2eadc084-cc6e-46a9-b61c-f4b69618e42e,2026-06-08 13:07:54+00:00,2026-06-09 22:40:58.053470+00:00,2013.0675578333332
2ec8fcbb-2b6e-44a6-82e0-f6a8cf3d2e1a,2026-06-08 15:33:51+00:00,2026-06-09 22:40:58.053470+00:00,1867.1175578333334
2ec99abc-5b4d-4165-b9a1-dc09eb3cfa9e,2026-06-08 20:19:14+00:00,2026-06-10 01:03:39.944905+00:00,1724.4324150833334
2ecf65e0-c820-484b-81f4-aaf266dca966,2026-06-08 15:19:51+00:00,2026-06-09 22:40:58.053470+00:00,1881.1175578333334
2ed3fedf-2cb1-4b44-8c29-78b503551491,2026-06-08 17:16:47+00:00,2026-06-09 22:40:58.053470+00:00,1764.1842245
2ee4a9e6-52b3-4429-82da-576073f4b4d4,2026-06-08 15:27:03+00:00,2026-06-09 22:40:58.053470+00:00,1873.9175578333334
2ee65603-285b-4f30-91db-aae6fd5ad369,2026-06-08 16:04:29+00:00,2026-06-09 22:40:58.053470+00:00,1836.4842245
2eecd087-ac15-47d7-b5e4-86d7e30ccb68,2026-06-08 15:25:04+00:00,2026-06-09 22:40:58.053470+00:00,1875.9008911666667
2ef245d2-9624-4f29-a2c1-23f9cb1e90e2,2026-06-08 14:49:40+00:00,2026-06-09 22:40:58.053470+00:00,1911.3008911666666
2ef26eb4-c4a4-477b-a50e-0946c7776584,2026-06-08 14:03:50+00:00,2026-06-09 22:40:58.053470+00:00,1957.1342245
2f409319-2e73-481a-a5b7-f1cf3b972ac1,2026-06-08 14:43:25+00:00,2026-06-09 22:40:58.053470+00:00,1917.5508911666666
2f48cf2f-7be9-4146-80ca-402dca3a9575,2026-06-08 14:18:04+00:00,2026-06-09 22:40:58.053470+00:00,1942.9008911666667
2fb8dd40-5c0b-4229-9323-2b9d180128a7,2026-06-08 20:52:22+00:00,2026-06-10 01:03:39.944905+00:00,1691.29908175
300da3c7-101a-4f83-adb5-b3fd577cad29,2026-06-08 17:45:20+00:00,2026-06-09 22:40:58.053470+00:00,1735.6342245
304059a5-aa7e-4e27-8dda-1c2110160a17,2026-06-08 18:53:04+00:00,2026-06-09 23:03:39.587405+00:00,1690.5931234166667
308e9356-1f40-4d5d-9db7-df953f8b0843,2026-06-08 14:20:17+00:00,2026-06-09 22:40:58.053470+00:00,1940.6842245
3093d784-0b6f-4f7f-854f-d028ae225e99,2026-06-08 14:55:18+00:00,2026-06-09 22:40:58.053470+00:00,1905.6675578333334
31282760-7a2b-4b7f-8922-b7dabd5b8e4f,2026-06-08 20:51:52+00:00,2026-06-10 01:03:39.944905+00:00,1691.79908175
313fecdf-3310-48c6-ad67-90601f216d35,2026-06-08 13:03:18+00:00,2026-06-09 22:40:58.053470+00:00,2017.6675578333334
3145a036-d721-4fe9-9421-84424dc9014f,2026-06-08 18:26:46+00:00,2026-06-09 22:40:58.053470+00:00,1694.2008911666667
3145f285-1735-476f-ad82-7e433bc42931,2026-06-08 15:50:49+00:00,2026-06-09 22:40:58.053470+00:00,1850.1508911666667
3174fa3f-b160-4136-a257-48b1bfe6b965,2026-06-08 13:18:02+00:00,2026-06-09 22:40:58.053470+00:00,2002.9342245
31a997ef-e93c-402c-a78e-61ba327511a2,2026-06-08 15:22:18+00:00,2026-06-09 22:40:58.053470+00:00,1878.6675578333334
31d9b615-551a-4b0c-b701-c382152fe3fc,2026-06-08 17:58:12+00:00,2026-06-09 22:40:58.053470+00:00,1722.7675578333333
32119714-def8-4950-a594-d5368558a012,2026-06-08 15:55:17+00:00,2026-06-09 22:40:58.053470+00:00,1845.6842245
32362aaf-0025-4c0f-9ec2-24b122a27af9,2026-06-08 18:17:32+00:00,2026-06-09 22:40:58.053470+00:00,1703.4342245
323f9578-6233-4c56-bc76-1713a79c15a8,2026-06-08 14:26:17+00:00,2026-06-09 22:40:58.053470+00:00,1934.6842245
32a380a5-da24-4908-85e4-a1e4afb9f57f,2026-06-08 15:04:46+00:00,2026-06-09 22:40:58.053470+00:00,1896.2008911666667
32ea6031-d2bc-446c-a2d0-1521083c0ad7,2026-06-08 13:50:47+00:00,2026-06-09 22:40:58.053470+00:00,1970.1842245
32ed722f-dcca-40a9-bec3-b8ce1ab3af42,2026-06-08 13:07:14+00:00,2026-06-09 22:40:58.053470+00:00,2013.7342245
33146631-15c7-4901-acac-025be3b1aa20,2026-06-08 18:14:26+00:00,2026-06-09 22:40:58.053470+00:00,1706.5342245
331d9ea9-a747-4441-ae84-548ef2fd2466,2026-06-08 16:09:47+00:00,2026-06-09 22:40:58.053470+00:00,1831.1842245
335f0038-2810-4310-8b94-fa8ece91e6a2,2026-06-08 18:13:19+00:00,2026-06-09 22:40:58.053470+00:00,1707.6508911666667
3380784c-ad3f-4418-83bb-44d4c8820283,2026-06-08 15:26:17+00:00,2026-06-09 22:40:58.053470+00:00,1874.6842245
34280f89-f793-42ad-91c4-cc7c5ee2efda,2026-06-08 18:10:53+00:00,2026-06-09 22:40:58.053470+00:00,1710.0842245
34594b7f-3948-4eb4-b89b-bb659cd0a842,2026-06-08 20:52:54+00:00,2026-06-10 01:03:39.944905+00:00,1690.7657484166666
3460f370-c1f9-404a-9792-cc32935816db,2026-06-08 17:43:31+00:00,2026-06-09 22:40:58.053470+00:00,1737.4508911666667
3493983c-35b2-495a-8122-cfd2145b3861,2026-06-08 17:17:18+00:00,2026-06-09 22:40:58.053470+00:00,1763.6675578333334
34aa4796-5618-45cf-9da5-c88e7f797952,2026-06-08 14:04:42+00:00,2026-06-09 22:40:58.053470+00:00,1956.2675578333333
34ad539d-57d5-459b-9948-915693027d4f,2026-06-08 20:38:28+00:00,2026-06-10 01:03:39.944905+00:00,1705.19908175
350ec69c-2a4d-452a-8c3e-fc9c44c878d0,2026-06-08 13:44:06+00:00,2026-06-09 22:40:58.053470+00:00,1976.8675578333334
35430453-96c8-4f32-bab2-eb2366247a29,2026-06-08 13:17:36+00:00,2026-06-09 22:40:58.053470+00:00,2003.3675578333334
3572bfb3-86af-4fee-9bfa-d85e410ae52a,2026-06-08 20:23:13+00:00,2026-06-10 01:03:39.944905+00:00,1720.44908175
358fbee4-2ab2-4224-9098-5e5655d29b22,2026-06-08 13:49:22+00:00,2026-06-09 22:40:58.053470+00:00,1971.6008911666665
35e10c18-8077-412e-b79d-b21a38a9ae51,2026-06-08 20:00:11+00:00,2026-06-10 00:03:36.950572+00:00,1683.4325095333334
366be3e7-5705-48a4-84d9-2a9f30ad9e2b,2026-06-08 17:19:27+00:00,2026-06-09 22:40:58.053470+00:00,1761.5175578333333
36809a54-e307-4a16-9405-c2236c0298e4,2026-06-08 13:47:06+00:00,2026-06-09 22:40:58.053470+00:00,1973.8675578333334
36830e30-957b-441a-acf1-9fe74e411cd5,2026-06-08 16:37:09+00:00,2026-06-09 22:40:58.053470+00:00,1803.8175578333332
36aa4e75-4d71-4706-b72a-5ba11db9ebab,2026-06-08 17:52:51+00:00,2026-06-09 22:40:58.053470+00:00,1728.1175578333334
372b7288-2c7b-4b0e-a012-aa6c84650b56,2026-06-08 20:18:17+00:00,2026-06-10 01:03:39.944905+00:00,1725.3824150833332
372cb3f2-59bd-40f9-852b-a0d29bbf2893,2026-06-08 16:22:29+00:00,2026-06-09 22:40:58.053470+00:00,1818.4842245
3731a591-b344-459e-adc1-f0028d2a16b1,2026-06-08 13:52:38+00:00,2026-06-09 22:40:58.053470+00:00,1968.3342245
37d1ee44-6fe4-4a62-b705-7b27dcb90741,2026-06-08 13:48:48+00:00,2026-06-09 22:40:58.053470+00:00,1972.1675578333334
38048c6c-401e-40c0-a6ef-3fbdd4e19378,2026-06-08 13:24:29+00:00,2026-06-09 22:40:58.053470+00:00,1996.4842245
381a382c-4fa5-4e04-a78f-b2da4203ac30,2026-06-08 17:45:15+00:00,2026-06-09 22:40:58.053470+00:00,1735.7175578333333
38225f48-6c63-41ac-92e2-25db79e9b509,2026-06-08 16:22:19+00:00,2026-06-09 22:40:58.053470+00:00,1818.6508911666667
3830576d-5109-4352-a621-5ca076c5f914,2026-06-08 14:01:59+00:00,2026-06-09 22:40:58.053470+00:00,1958.9842245
383b7eff-918e-40cd-9100-54b917b7ae39,2026-06-08 18:23:33+00:00,2026-06-09 22:40:58.053470+00:00,1697.4175578333334
384011cc-9b1c-40ec-aa4d-ca30cdbf6ec9,2026-06-08 18:00:12+00:00,2026-06-09 22:40:58.053470+00:00,1720.7675578333333
388bf167-ec67-482a-97de-6a00183b9bb8,2026-06-08 16:30:50+00:00,2026-06-09 22:40:58.053470+00:00,1810.1342245
38977ee9-c095-46ae-be5b-762e6e642ed9,2026-06-08 17:01:11+00:00,2026-06-09 22:40:58.053470+00:00,1779.7842245
38c940c5-1d11-4328-8c8c-f3a27d50d6d7,2026-06-08 18:22:09+00:00,2026-06-09 22:40:58.053470+00:00,1698.8175578333332
3965bb6b-e80d-42a8-9313-7aa0332e7036,2026-06-08 15:59:32+00:00,2026-06-09 22:40:58.053470+00:00,1841.4342245
397e7e23-4fdd-44ee-8514-da4be0d8c3f8,2026-06-08 19:10:30+00:00,2026-06-09 23:33:34.443759+00:00,1703.07406265
39ec416e-1d6c-45a8-a26f-d99504723a8a,2026-06-08 15:19:00+00:00,2026-06-09 22:40:58.053470+00:00,1881.9675578333333
39f84cf4-4839-4bde-95f7-382e20c8c930,2026-06-08 15:12:49+00:00,2026-06-09 22:40:58.053470+00:00,1888.1508911666667
3a36626b-5f7c-46d6-9fbb-5935d4eed961,2026-06-08 13:38:56+00:00,2026-06-09 22:40:58.053470+00:00,1982.0342245
3a79dc53-397a-4db1-9f49-53935db3a7ca,2026-06-08 14:43:40+00:00,2026-06-09 22:40:58.053470+00:00,1917.3008911666666
3a9a8d8b-2357-4e75-8bd6-457be26d365e,2026-06-08 13:26:12+00:00,2026-06-09 22:40:58.053470+00:00,1994.7675578333333
3ae7b515-25b4-458d-b270-2f512f51ea83,2026-06-08 14:05:35+00:00,2026-06-09 22:40:58.053470+00:00,1955.3842245
3b005058-58a2-417d-9e8e-d505aeb04cb0,2026-06-08 14:24:58+00:00,2026-06-09 22:40:58.053470+00:00,1936.0008911666666
3b874010-2114-4b60-8cd0-faccf87f4622,2026-06-08 13:04:03+00:00,2026-06-09 22:40:58.053470+00:00,2016.9175578333334
3ba84fe6-d6de-4d08-9ab1-8d2dbcff460d,2026-06-08 14:24:18+00:00,2026-06-09 22:40:58.053470+00:00,1936.6675578333334
3babeefe-365b-4183-b32b-b3b642d4cfca,2026-06-08 16:15:36+00:00,2026-06-09 22:40:58.053470+00:00,1825.3675578333334
3be830d6-38af-4365-81d9-a34c1d776de6,2026-06-08 19:05:54+00:00,2026-06-09 23:33:34.443759+00:00,1707.67406265
3bf150a4-4c56-4e97-9958-d6ae43c828c8,2026-06-08 14:39:37+00:00,2026-06-09 22:40:58.053470+00:00,1921.3508911666665
3bf9b6c4-041f-47cc-98d2-fecab54bce06,2026-06-08 14:31:14+00:00,2026-06-09 22:40:58.053470+00:00,1929.7342245
3c130897-5a57-4f5d-9cec-6db25f3c539f,2026-06-08 20:48:26+00:00,2026-06-10 01:03:39.944905+00:00,1695.2324150833333
3c447324-607c-4eed-9f6e-69aead7932db,2026-06-08 18:38:27+00:00,2026-06-09 22:40:58.053470+00:00,1682.5175578333333
3c56ce1b-8324-4287-85fe-e705990a67a5,2026-06-08 17:56:05+00:00,2026-06-09 22:40:58.053470+00:00,1724.8842245
3c796be4-c5db-4d54-ab18-d4d56f01b8c1,2026-06-08 15:30:33+00:00,2026-06-09 22:40:58.053470+00:00,1870.4175578333334
3cc52277-9ed2-4798-b603-579881f19e88,2026-06-08 13:58:06+00:00,2026-06-09 22:40:58.053470+00:00,1962.8675578333334
3cebb852-17cb-427e-ab3f-eb967cd4eac0,2026-06-08 16:06:33+00:00,2026-06-09 22:40:58.053470+00:00,1834.4175578333334
3cf45ef8-acbd-45f7-af65-1d8f90eff10e,2026-06-08 15:05:29+00:00,2026-06-09 22:40:58.053470+00:00,1895.4842245
3d711c3d-74e2-4a4e-b2a0-b36ccd50aa40,2026-06-08 17:25:04+00:00,2026-06-09 22:40:58.053470+00:00,1755.9008911666667
3d7521c9-6db8-4175-9f45-dd6a410afcb3,2026-06-08 14:08:40+00:00,2026-06-09 22:40:58.053470+00:00,1952.3008911666666
3dc0dd42-5de2-4f44-85f2-c571339a6db9,2026-06-08 13:44:50+00:00,2026-06-09 22:40:58.053470+00:00,1976.1342245
3e1e68b8-432c-4b9a-b0e3-8f10bb4cf452,2026-06-08 13:31:49+00:00,2026-06-09 22:40:58.053470+00:00,1989.1508911666667
3e24505b-6b59-4e31-bfaf-97643ac9d819,2026-06-08 14:28:33+00:00,2026-06-09 22:40:58.053470+00:00,1932.4175578333334
3e5d25b1-97e2-4fd5-b1a7-690363e16beb,2026-06-08 14:37:03+00:00,2026-06-09 22:40:58.053470+00:00,1923.9175578333334
3e8b75fa-1c4c-4524-aaa7-ed6667046dc0,2026-06-08 13:20:10+00:00,2026-06-09 22:40:58.053470+00:00,2000.8008911666666
3e98d53e-8710-4194-b210-8937b8a3aa44,2026-06-08 13:45:03+00:00,2026-06-09 22:40:58.053470+00:00,1975.9175578333334
3eed8a49-d8e4-4f6a-8830-aefefdc3067e,2026-06-08 16:02:29+00:00,2026-06-09 22:40:58.053470+00:00,1838.4842245
3f272ccc-b8bc-4a23-bfbf-56cadb188fc3,2026-06-08 15:12:48+00:00,2026-06-09 22:40:58.053470+00:00,1888.1675578333334
3f81e53d-d97b-4c2d-84b3-d216ca04ffc7,2026-06-08 16:00:43+00:00,2026-06-09 22:40:58.053470+00:00,1840.2508911666666
3f8d0c1e-b6fe-4221-861d-ea4a41a393e2,2026-06-08 20:08:10+00:00,2026-06-10 01:03:39.944905+00:00,1735.49908175
3fb35868-3748-43a0-989a-d1272bc4ae11,2026-06-08 20:19:22+00:00,2026-06-10 01:03:39.944905+00:00,1724.29908175
3fcac43d-6764-44ff-930b-a30ad4996e98,2026-06-08 17:30:13+00:00,2026-06-09 22:40:58.053470+00:00,1750.7508911666666
3fd5b468-f6df-4cbc-831f-7c201e3c3864,2026-06-08 14:42:20+00:00,2026-06-09 22:40:58.053470+00:00,1918.6342245
4041e84b-2e4a-43f7-8953-df0724ca4a87,2026-06-08 19:29:18+00:00,2026-06-09 23:33:34.443759+00:00,1684.2740626500001
407e2375-2546-49c5-8d72-0febdf8a0513,2026-06-08 17:03:21+00:00,2026-06-09 22:40:58.053470+00:00,1777.6175578333334
40918674-5fd3-4134-a064-104646a267f7,2026-06-08 20:27:28+00:00,2026-06-10 01:03:39.944905+00:00,1716.19908175
409d68bc-14ef-4aa4-8ab3-b86574e28b8a,2026-06-08 17:10:23+00:00,2026-06-09 22:40:58.053470+00:00,1770.5842245
412a1262-f378-4262-a453-49aa9a943780,2026-06-08 18:17:00+00:00,2026-06-09 22:40:58.053470+00:00,1703.9675578333333
417105cd-8191-48c8-88b7-5edcd07af1e3,2026-06-08 13:52:44+00:00,2026-06-09 22:40:58.053470+00:00,1968.2342245
41831cbf-2d1b-4f19-b463-fa1c1e32baee,2026-06-08 16:34:34+00:00,2026-06-09 22:40:58.053470+00:00,1806.4008911666667
41c6831a-a392-4950-a3d4-2ced0c190f9f,2026-06-08 14:35:04+00:00,2026-06-09 22:40:58.053470+00:00,1925.9008911666667
4207f044-23fe-44fa-b8c1-dbf7b52f68ea,2026-06-08 20:52:20+00:00,2026-06-10 01:03:39.944905+00:00,1691.3324150833332
420e9d71-9228-44f8-9151-3606e96480b6,2026-06-08 13:26:49+00:00,2026-06-09 22:40:58.053470+00:00,1994.1508911666667
42b898a7-0ef9-4270-bb89-309dfbb74aab,2026-06-08 13:08:49+00:00,2026-06-09 22:40:58.053470+00:00,2012.1508911666667
42ef6bb1-4e3f-441e-a83c-843b43cbd77e,2026-06-08 15:23:13+00:00,2026-06-09 22:40:58.053470+00:00,1877.7508911666666
43543709-1d77-42d4-bac2-fe7e15fcfd28,2026-06-08 13:12:48+00:00,2026-06-09 22:40:58.053470+00:00,2008.1675578333334
437887a9-e3a1-4903-a352-9f2db3627590,2026-06-08 14:46:53+00:00,2026-06-09 22:40:58.053470+00:00,1914.0842245
439a78cc-d259-404b-bbf9-959477395106,2026-06-08 13:47:11+00:00,2026-06-09 22:40:58.053470+00:00,1973.7842245
43b51072-0a0f-4287-820a-586cd02f814e,2026-06-08 14:31:12+00:00,2026-06-09 22:40:58.053470+00:00,1929.7675578333333
43d47b72-16a4-4e29-bbe8-83ef2bf6625b,2026-06-08 17:38:05+00:00,2026-06-09 22:40:58.053470+00:00,1742.8842245
43f19e0f-4f25-4fac-961c-50288e01b77d,2026-06-08 13:50:38+00:00,2026-06-09 22:40:58.053470+00:00,1970.3342245
44237c4b-d5e4-4106-bcb3-522e0403caf8,2026-06-08 15:13:03+00:00,2026-06-09 22:40:58.053470+00:00,1887.9175578333334
44808d3e-5164-490d-978e-8b0ed41e5222,2026-06-08 16:28:45+00:00,2026-06-09 22:40:58.053470+00:00,1812.2175578333333
4484d0a4-567c-4398-b456-0b800029830d,2026-06-08 20:46:01+00:00,2026-06-10 01:03:39.944905+00:00,1697.64908175
449b2e64-e4e1-44ae-bfd6-0a08843edf56,2026-06-08 15:38:49+00:00,2026-06-09 22:40:58.053470+00:00,1862.1508911666667
44cf4292-6078-44a9-ae13-b48de216b6d7,2026-06-08 19:27:32+00:00,2026-06-09 23:33:34.443759+00:00,1686.0407293166668
46122bcf-ab87-48ba-ba87-c71ccc6be71d,2026-06-08 15:02:59+00:00,2026-06-09 22:40:58.053470+00:00,1897.9842245
46158172-fb8c-40bb-a88a-8fe8830f5a07,2026-06-08 18:26:20+00:00,2026-06-09 22:40:58.053470+00:00,1694.6342245
464340c3-7b73-44d8-b884-a3629cbe1894,2026-06-08 19:09:36+00:00,2026-06-09 23:33:34.443759+00:00,1703.97406265
46dccdfd-ac03-4c70-b0c1-1c451b814fd6,2026-06-08 18:05:46+00:00,2026-06-09 22:40:58.053470+00:00,1715.2008911666667
46e9010b-78e4-48a7-845d-704ee48c3ea7,2026-06-08 17:43:38+00:00,2026-06-09 22:40:58.053470+00:00,1737.3342245
4734c703-ba45-4416-a80a-2a38db470db9,2026-06-08 15:10:02+00:00,2026-06-09 22:40:58.053470+00:00,1890.9342245
47360bf8-5abf-4c34-b77b-977074d8ee59,2026-06-08 16:50:57+00:00,2026-06-09 22:40:58.053470+00:00,1790.0175578333333
4757bee8-92cc-4209-b05d-04af642396c6,2026-06-08 17:47:57+00:00,2026-06-09 22:40:58.053470+00:00,1733.0175578333333
4792dd17-d027-4f79-929a-0d72c27c57b1,2026-06-08 20:25:42+00:00,2026-06-10 01:03:39.944905+00:00,1717.9657484166667
47c7b905-a56c-4408-ba2e-f973d43e2723,2026-06-08 16:29:02+00:00,2026-06-09 22:40:58.053470+00:00,1811.9342245
47d740bf-e52d-481f-bf55-4ea8d9974832,2026-06-08 14:14:00+00:00,2026-06-09 22:40:58.053470+00:00,1946.9675578333333
47fbb6a9-330f-4552-846a-8f17aac2b9e9,2026-06-08 13:19:02+00:00,2026-06-09 22:40:58.053470+00:00,2001.9342245
4802e7b9-092d-439d-b86c-3dd47ebf8095,2026-06-08 19:32:45+00:00,2026-06-09 23:33:34.443759+00:00,1680.82406265
4810f0f1-9be4-4dce-9810-5b73814a2fc4,2026-06-08 17:01:54+00:00,2026-06-09 22:40:58.053470+00:00,1779.0675578333332
483d69bc-d62f-46aa-9477-49c142c1fd12,2026-06-08 18:23:43+00:00,2026-06-09 22:40:58.053470+00:00,1697.2508911666666
489b28e3-54dd-4dda-8d0d-561bcfbe0bd3,2026-06-08 15:01:54+00:00,2026-06-09 22:40:58.053470+00:00,1899.0675578333332
48cf5624-748d-4870-aa75-c11e3a03d71e,2026-06-08 17:54:01+00:00,2026-06-09 22:40:58.053470+00:00,1726.9508911666667
48d1f253-556d-4aeb-8815-b24db2b60e04,2026-06-08 17:49:57+00:00,2026-06-09 22:40:58.053470+00:00,1731.0175578333333
48eee2e5-2e32-406b-b23f-2ca486a164dc,2026-06-08 13:19:19+00:00,2026-06-09 22:40:58.053470+00:00,2001.6508911666667
48f7d584-0c55-4f50-b5d3-c41a9c6842ac,2026-06-08 14:21:51+00:00,2026-06-09 22:40:58.053470+00:00,1939.1175578333334
49377bca-03bd-4cf7-945a-4837dedf6764,2026-06-08 13:56:56+00:00,2026-06-09 22:40:58.053470+00:00,1964.0342245
49394ef5-3d0d-497c-ba00-52d2acd03bf0,2026-06-08 14:18:52+00:00,2026-06-09 22:40:58.053470+00:00,1942.1008911666665
49576289-95f6-4fd0-a7e1-524bc1792dee,2026-06-08 17:42:52+00:00,2026-06-09 22:40:58.053470+00:00,1738.1008911666665
496f4c37-4916-4fa4-aea3-6ccf7cc69287,2026-06-08 14:32:23+00:00,2026-06-09 22:40:58.053470+00:00,1928.5842245
49b9444e-c910-4e61-8f38-abcbc486fdcc,2026-06-08 14:44:06+00:00,2026-06-09 22:40:58.053470+00:00,1916.8675578333334
49c5c242-4fdd-46b7-862f-a9b1b92b814b,2026-06-08 17:15:13+00:00,2026-06-09 22:40:58.053470+00:00,1765.7508911666666
4a2670d2-0bdc-45bd-a237-01dbf36baaf4,2026-06-08 13:03:30+00:00,2026-06-09 22:40:58.053470+00:00,2017.4675578333333
4a5439be-657e-4c94-9a23-a79dae3e1db1,2026-06-08 15:05:09+00:00,2026-06-09 22:40:58.053470+00:00,1895.8175578333332
4a5b06b3-9f8a-4dee-9dd2-0c3b826e5633,2026-06-08 19:35:00+00:00,2026-06-10 00:03:36.950572+00:00,1708.6158428666668
4a5bde45-dc1d-4a69-b796-2aaf6f589e79,2026-06-08 18:03:25+00:00,2026-06-09 22:40:58.053470+00:00,1717.5508911666666
4aa3954b-ccdb-45f6-a3af-5087ae6e3cb8,2026-06-08 13:57:38+00:00,2026-06-09 22:40:58.053470+00:00,1963.3342245
4b1711c3-1364-41b1-ad9d-5389fc43e380,2026-06-08 18:07:59+00:00,2026-06-09 22:40:58.053470+00:00,1712.9842245
4baf32af-f856-4caa-bf18-7df45dcdb1eb,2026-06-08 13:15:07+00:00,2026-06-09 22:40:58.053470+00:00,2005.8508911666665
4ceee24b-4df9-43f3-8f41-2411e07f71ac,2026-06-08 14:21:18+00:00,2026-06-09 22:40:58.053470+00:00,1939.6675578333334
4d10234b-4f43-4797-9f30-e313b946da32,2026-06-08 14:29:08+00:00,2026-06-09 22:40:58.053470+00:00,1931.8342245
4d3df793-14c2-47b2-bd66-710444748cc4,2026-06-08 15:26:13+00:00,2026-06-09 22:40:58.053470+00:00,1874.7508911666666
4dd06171-adac-40e9-9ae6-5a8c6899332e,2026-06-08 16:51:18+00:00,2026-06-09 22:40:58.053470+00:00,1789.6675578333334
4e49d762-710c-4347-b2de-81d70b242a17,2026-06-08 13:51:42+00:00,2026-06-09 22:40:58.053470+00:00,1969.2675578333333
4e684137-44ad-4166-843c-99536c3c1481,2026-06-08 13:09:00+00:00,2026-06-09 22:40:58.053470+00:00,2011.9675578333333
4f49a4e3-4ee0-408d-8f74-b972a5fba60c,2026-06-08 13:47:55+00:00,2026-06-09 22:40:58.053470+00:00,1973.0508911666666
4f581522-7dd6-466b-b7fb-942481380fae,2026-06-08 13:51:50+00:00,2026-06-09 22:40:58.053470+00:00,1969.1342245
4f7524a5-dd12-4275-8b43-ac8f4adff38c,2026-06-08 13:15:15+00:00,2026-06-09 22:40:58.053470+00:00,2005.7175578333333
4f92747f-8eb9-4d7c-99ba-cb7121bb0054,2026-06-08 20:55:25+00:00,2026-06-10 01:03:39.944905+00:00,1688.24908175
4fbaadf2-ab2a-4cd5-8dea-8dfc219279d3,2026-06-08 16:04:32+00:00,2026-06-09 22:40:58.053470+00:00,1836.4342245
50867b2a-d502-456c-a378-4546794f463c,2026-06-08 14:16:06+00:00,2026-06-09 22:40:58.053470+00:00,1944.8675578333334
50bd18c5-9ac7-4a4d-ab47-3f9d3bf524ed,2026-06-08 17:29:50+00:00,2026-06-09 22:40:58.053470+00:00,1751.1342245
50e12ba1-ddfd-4b5e-af14-a986ed4bc268,2026-06-08 15:19:53+00:00,2026-06-09 22:40:58.053470+00:00,1881.0842245
50fe05a5-8f74-4c6f-b7f5-604818e6e240,2026-06-08 13:40:44+00:00,2026-06-09 22:40:58.053470+00:00,1980.2342245
510a4009-050f-4530-9648-8f69dc88fba3,2026-06-08 14:16:42+00:00,2026-06-09 22:40:58.053470+00:00,1944.2675578333333
511ed9e9-1228-4047-8ec9-d05e18a037a4,2026-06-08 16:33:31+00:00,2026-06-09 22:40:58.053470+00:00,1807.4508911666667
51375e45-f9d9-4de5-a9d2-1473dbd80218,2026-06-08 13:29:41+00:00,2026-06-09 22:40:58.053470+00:00,1991.2842245
5145e0bd-71cb-4db5-b633-1a24273c7e0d,2026-06-08 14:03:39+00:00,2026-06-09 22:40:58.053470+00:00,1957.3175578333332
519c4dd8-0218-429f-9baf-87df242f9ae3,2026-06-08 13:27:13+00:00,2026-06-09 22:40:58.053470+00:00,1993.7508911666666
51a96df6-1cc3-4636-9844-a7ad5ccb3a62,2026-06-08 15:12:59+00:00,2026-06-09 22:40:58.053470+00:00,1887.9842245
51e60dfb-3ac6-4bc0-b364-2ecc1ef89eb4,2026-06-08 20:06:50+00:00,2026-06-10 01:03:39.944905+00:00,1736.8324150833332
52120125-df43-4d9a-bd67-e85151363687,2026-06-08 15:03:19+00:00,2026-06-09 22:40:58.053470+00:00,1897.6508911666667
521b8cb8-1f39-4753-909f-d730c23cb807,2026-06-08 13:33:28+00:00,2026-06-09 22:40:58.053470+00:00,1987.5008911666666
522c79ee-f651-435d-9386-4eb9a508bcd1,2026-06-08 14:10:58+00:00,2026-06-09 22:40:58.053470+00:00,1950.0008911666666
5248acd1-9adb-4c83-bce4-7ed838d1172d,2026-06-08 18:51:02+00:00,2026-06-09 23:03:39.587405+00:00,1692.62645675
52cf090f-17a9-4b63-ab08-36de976458a9,2026-06-08 13:34:14+00:00,2026-06-09 22:40:58.053470+00:00,1986.7342245
530f0f8f-ed57-481f-84f4-4377061720c0,2026-06-08 20:27:20+00:00,2026-06-10 01:03:39.944905+00:00,1716.3324150833332
536bf223-8011-4944-9c78-b82094c70e3f,2026-06-08 20:13:06+00:00,2026-06-10 01:03:39.944905+00:00,1730.5657484166666
537e65b8-d723-4938-b3d7-2695ae979ac6,2026-06-08 15:51:26+00:00,2026-06-09 22:40:58.053470+00:00,1849.5342245
537f23d5-e883-4434-a038-41aed2d6a117,2026-06-08 16:49:35+00:00,2026-06-09 22:40:58.053470+00:00,1791.3842245
5389c297-eb61-4c02-a9bd-139f7012aa20,2026-06-08 14:31:26+00:00,2026-06-09 22:40:58.053470+00:00,1929.5342245
54c5a1fc-8409-4c46-8361-2aee592f73ef,2026-06-08 14:26:08+00:00,2026-06-09 22:40:58.053470+00:00,1934.8342245
54c8189a-6e92-4a63-89d8-8ceee9044a08,2026-06-08 15:40:50+00:00,2026-06-09 22:40:58.053470+00:00,1860.1342245
54e1c157-b16e-4380-a6d6-b10846796ffd,2026-06-08 15:08:28+00:00,2026-06-09 22:40:58.053470+00:00,1892.5008911666666
54ebb612-dd72-411c-a1af-57ed6b053d1f,2026-06-08 16:13:54+00:00,2026-06-09 22:40:58.053470+00:00,1827.0675578333332
54f52761-5d61-4bfc-90d7-14c4a5265ea7,2026-06-08 18:07:50+00:00,2026-06-09 22:40:58.053470+00:00,1713.1342245
554aa077-d026-4851-8f4c-10fe8d7082d3,2026-06-08 13:29:23+00:00,2026-06-09 22:40:58.053470+00:00,1991.5842245
55adc9e2-1ed8-44ce-8c97-fb3ce301ca5f,2026-06-08 16:50:09+00:00,2026-06-09 22:40:58.053470+00:00,1790.8175578333332
55b56859-e96e-4b2b-9caf-dfc7224e020a,2026-06-08 18:50:48+00:00,2026-06-09 23:03:39.587405+00:00,1692.8597900833333
55daf798-46b2-40cb-adfa-3a6b07254fcb,2026-06-08 17:14:00+00:00,2026-06-09 22:40:58.053470+00:00,1766.9675578333333
562d3a32-df6c-4e7c-ad1b-e65607423425,2026-06-08 14:31:24+00:00,2026-06-09 22:40:58.053470+00:00,1929.5675578333332
56603e2a-b173-4f30-bd54-bd2829ca0ade,2026-06-08 15:07:52+00:00,2026-06-09 22:40:58.053470+00:00,1893.1008911666665
56add00c-cf14-4b47-b3fd-a51f4d7b5f21,2026-06-08 15:48:51+00:00,2026-06-09 22:40:58.053470+00:00,1852.1175578333334
56e9c256-f73b-440f-909a-d3b576b75f18,2026-06-08 13:09:30+00:00,2026-06-09 22:40:58.053470+00:00,2011.4675578333333
57107e0b-21a5-4f4a-98a4-15426dd9f7d1,2026-06-08 16:10:44+00:00,2026-06-09 22:40:58.053470+00:00,1830.2342245
572813b0-8e4d-4c37-8e3b-5a3b25918719,2026-06-08 15:15:17+00:00,2026-06-09 22:40:58.053470+00:00,1885.6842245
57944395-0f43-497b-8ca4-28c87dc66645,2026-06-08 16:45:54+00:00,2026-06-09 22:40:58.053470+00:00,1795.0675578333332
57e87b22-22a1-453e-9577-1889bd904e12,2026-06-08 20:17:57+00:00,2026-06-10 01:03:39.944905+00:00,1725.7157484166667
57f0f5bf-f5eb-49ae-a822-215b10be7496,2026-06-08 14:38:52+00:00,2026-06-09 22:40:58.053470+00:00,1922.1008911666665
58a355ee-9c29-4c7c-89c3-bf9d764a640f,2026-06-08 13:03:29+00:00,2026-06-09 22:40:58.053470+00:00,2017.4842245
59351ff0-bd22-4211-ad32-c1687a8065e0,2026-06-08 18:21:16+00:00,2026-06-09 22:40:58.053470+00:00,1699.7008911666667
593af140-b2a0-410b-859b-68eeb21767fe,2026-06-08 13:23:57+00:00,2026-06-09 22:40:58.053470+00:00,1997.0175578333333
599be9ac-5d62-4446-8869-40bee27e9a78,2026-06-08 13:05:36+00:00,2026-06-09 22:40:58.053470+00:00,2015.3675578333334
59f67fb3-4fbd-4259-928e-dff586478233,2026-06-08 18:22:59+00:00,2026-06-09 22:40:58.053470+00:00,1697.9842245
5a1fcc6b-6258-402f-b2f1-e660f6b66b8c,2026-06-08 15:54:05+00:00,2026-06-09 22:40:58.053470+00:00,1846.8842245
5a6c2563-fb55-437a-8f86-e31aedcfcfdd,2026-06-08 15:55:42+00:00,2026-06-09 22:40:58.053470+00:00,1845.2675578333333
5a8c59c3-7593-460f-a706-0e671e021d70,2026-06-08 14:20:29+00:00,2026-06-09 22:40:58.053470+00:00,1940.4842245
5aa3658a-e56b-430b-8da2-8c79f1690bd9,2026-06-08 13:12:05+00:00,2026-06-09 22:40:58.053470+00:00,2008.8842245
5ae6e3c9-e58b-46a5-a28f-0555c3758eb0,2026-06-08 16:16:04+00:00,2026-06-09 22:40:58.053470+00:00,1824.9008911666667
5b3b62c4-18a4-4a57-8afb-a25c43e5a5ad,2026-06-08 13:56:48+00:00,2026-06-09 22:40:58.053470+00:00,1964.1675578333334
5b58fa1f-fa0a-4489-9801-c3a680699b19,2026-06-08 13:14:00+00:00,2026-06-09 22:40:58.053470+00:00,2006.9675578333333
5b69ed5f-cf81-4716-9b66-8bb24e9134db,2026-06-08 16:46:41+00:00,2026-06-09 22:40:58.053470+00:00,1794.2842245
5b7b0c5a-7a5c-4517-a49d-f8f8fb353eb6,2026-06-08 20:25:46+00:00,2026-06-10 01:03:39.944905+00:00,1717.89908175
5be67103-a017-4524-8983-5ae1bf1e420b,2026-06-08 14:17:48+00:00,2026-06-09 22:40:58.053470+00:00,1943.1675578333334
5becefc6-3ce3-40b4-bd83-8f046a669279,2026-06-08 13:14:28+00:00,2026-06-09 22:40:58.053470+00:00,2006.5008911666666
5bfa9c27-4e3f-4494-99c7-3d8aa60a7a1d,2026-06-08 13:06:30+00:00,2026-06-09 22:40:58.053470+00:00,2014.4675578333333
5c5f27b5-173e-49f4-b374-d855d67b80e4,2026-06-08 16:08:25+00:00,2026-06-09 22:40:58.053470+00:00,1832.5508911666666
5c6ecfdc-04e2-4e75-b261-b2b8b3713508,2026-06-08 20:41:02+00:00,2026-06-10 01:03:39.944905+00:00,1702.6324150833332
5d500cc0-fda2-43a7-b909-9d9d26d59b40,2026-06-08 17:18:13+00:00,2026-06-09 22:40:58.053470+00:00,1762.7508911666666
5d985b4c-0cfa-42bd-a4d6-afe50fdc1ecc,2026-06-08 14:22:56+00:00,2026-06-09 22:40:58.053470+00:00,1938.0342245
5de68716-65e7-4a63-8133-4a46eaee3dca,2026-06-08 13:22:29+00:00,2026-06-09 22:40:58.053470+00:00,1998.4842245
5df4ccd9-0ac3-44b0-a853-d7087c29df7b,2026-06-08 16:44:25+00:00,2026-06-09 22:40:58.053470+00:00,1796.5508911666666
5e2a8781-48b2-4fbb-9a29-706d812799a9,2026-06-08 15:48:25+00:00,2026-06-09 22:40:58.053470+00:00,1852.5508911666666
5e79a32e-36e9-4591-ba98-6293c622453e,2026-06-08 13:58:15+00:00,2026-06-09 22:40:58.053470+00:00,1962.7175578333333
5eaf2fa6-8bb8-40bf-b6aa-60a4930c3ec3,2026-06-08 16:18:57+00:00,2026-06-09 22:40:58.053470+00:00,1822.0175578333333
5ef0b81e-d40d-46fe-aa57-2eb634d1503a,2026-06-08 14:48:23+00:00,2026-06-09 22:40:58.053470+00:00,1912.5842245
5f5d2aa2-c528-4093-86d6-910dda2856d9,2026-06-08 16:17:15+00:00,2026-06-09 22:40:58.053470+00:00,1823.7175578333333
5fcdc86c-abda-403a-9000-fbb7e87afa13,2026-06-08 15:24:06+00:00,2026-06-09 22:40:58.053470+00:00,1876.8675578333334
5fe2a70b-3742-4e19-9e5d-d875dc714312,2026-06-08 16:20:43+00:00,2026-06-09 22:40:58.053470+00:00,1820.2508911666666
5ff71427-8c70-427f-923c-b65491a1ffc4,2026-06-08 13:40:32+00:00,2026-06-09 22:40:58.053470+00:00,1980.4342245
5ffafd51-719d-4f0c-bf8a-13e34e37b357,2026-06-08 14:28:49+00:00,2026-06-09 22:40:58.053470+00:00,1932.1508911666667
6024f3c8-eee5-45d4-bec3-1e1d95e005b0,2026-06-08 13:37:30+00:00,2026-06-09 22:40:58.053470+00:00,1983.4675578333333
6089d198-7387-4616-a5a8-6e1a82fa0bea,2026-06-08 15:10:08+00:00,2026-06-09 22:40:58.053470+00:00,1890.8342245
609f0f34-66db-4c3a-93d4-8327a9d8c827,2026-06-08 20:45:39+00:00,2026-06-10 01:03:39.944905+00:00,1698.0157484166666
60a4f316-556b-4c3e-9e00-9dfe2790970c,2026-06-08 18:46:32+00:00,2026-06-09 22:48:37.303557+00:00,1682.0883926166669
60d862b1-518a-4ea4-a65a-8fb4116e0098,2026-06-08 14:57:22+00:00,2026-06-09 22:40:58.053470+00:00,1903.6008911666665
60dfc620-d394-4fe1-9a17-c61d931c60f5,2026-06-08 18:07:00+00:00,2026-06-09 22:40:58.053470+00:00,1713.9675578333333
6104eed3-085e-422c-81f7-3b49696a4ff5,2026-06-08 20:04:30+00:00,2026-06-10 01:03:39.944905+00:00,1739.1657484166667
61bead86-7ad8-4bec-8738-669b9122be94,2026-06-08 14:22:11+00:00,2026-06-09 22:40:58.053470+00:00,1938.7842245
61bf02f5-f63d-4002-9c93-93da5feedd24,2026-06-08 13:08:14+00:00,2026-06-09 22:40:58.053470+00:00,2012.7342245
61d9849a-9509-4814-8f28-b6e9c61d180c,2026-06-08 13:58:49+00:00,2026-06-09 22:40:58.053470+00:00,1962.1508911666667
61eaa973-098e-4d46-9877-e2c37b187015,2026-06-08 14:08:41+00:00,2026-06-09 22:40:58.053470+00:00,1952.2842245
62298d15-0c27-4420-938e-09e5b8c04136,2026-06-08 13:53:02+00:00,2026-06-09 22:40:58.053470+00:00,1967.9342245
6265727d-ca7d-4b25-9556-fe01e10da285,2026-06-08 13:13:49+00:00,2026-06-09 22:40:58.053470+00:00,2007.1508911666667
62a10a27-b05e-47d6-b692-04efe7083376,2026-06-08 14:24:45+00:00,2026-06-09 22:40:58.053470+00:00,1936.2175578333333
62f0e847-6468-439b-a9b3-c98455ade0dd,2026-06-08 14:45:55+00:00,2026-06-09 22:40:58.053470+00:00,1915.0508911666666
632d73f8-4d50-4479-98cb-f094214b2b10,2026-06-08 13:29:54+00:00,2026-06-09 22:40:58.053470+00:00,1991.0675578333332
6397ca45-4525-470d-b8bf-3738e1030d66,2026-06-08 14:27:41+00:00,2026-06-09 22:40:58.053470+00:00,1933.2842245
63acca7c-17ca-4cc2-bf0a-7ea692bea2a6,2026-06-08 19:49:38+00:00,2026-06-10 00:03:36.950572+00:00,1693.9825095333333
63c8a179-ef78-4810-a2c8-38a6339ac511,2026-06-08 18:17:38+00:00,2026-06-09 22:40:58.053470+00:00,1703.3342245
6466d9db-bc3a-4600-9015-d3cfe9352a5b,2026-06-08 13:52:25+00:00,2026-06-09 22:40:58.053470+00:00,1968.5508911666666
64912264-7d82-4ff6-8fe6-99625880db62,2026-06-08 13:39:02+00:00,2026-06-09 22:40:58.053470+00:00,1981.9342245
64a00d08-0c17-4168-8d25-dfa98cde87a3,2026-06-08 13:21:05+00:00,2026-06-09 22:40:58.053470+00:00,1999.8842245
64b8e7f5-75ce-4e56-b242-712540720d33,2026-06-08 15:41:24+00:00,2026-06-09 22:40:58.053470+00:00,1859.5675578333332
6518d4f4-d347-4e16-bdee-0c07162fc8d6,2026-06-08 13:10:48+00:00,2026-06-09 22:40:58.053470+00:00,2010.1675578333334
65578b62-fce9-4cf7-8eef-b3aa348443c7,2026-06-08 13:22:20+00:00,2026-06-09 22:40:58.053470+00:00,1998.6342245
65a5c888-8914-4049-a78a-8b2a1880871e,2026-06-08 13:01:37+00:00,2026-06-09 22:40:58.053470+00:00,2019.3508911666665
65b5ad73-e30b-4be2-871b-4c3af546e6bd,2026-06-08 13:21:47+00:00,2026-06-09 22:40:58.053470+00:00,1999.1842245
66066f11-bd97-4804-9f78-123093549449,2026-06-08 18:04:45+00:00,2026-06-09 22:40:58.053470+00:00,1716.2175578333333
668b7225-f2b8-4dee-95e8-30d8bf24f728,2026-06-08 13:57:12+00:00,2026-06-09 22:40:58.053470+00:00,1963.7675578333333
66b951b9-6197-4406-85b4-7187864c6d56,2026-06-08 19:56:42+00:00,2026-06-10 00:03:36.950572+00:00,1686.9158428666667
66bc9999-1412-47c2-86b1-e490ff7a31f7,2026-06-08 14:45:19+00:00,2026-06-09 22:40:58.053470+00:00,1915.6508911666667
66d1b120-abc0-4ce0-b1ee-fd637a3bc365,2026-06-08 14:59:00+00:00,2026-06-09 22:40:58.053470+00:00,1901.9675578333333
66f76bcf-9bd0-4f7c-9650-195484f0a6b7,2026-06-08 16:03:47+00:00,2026-06-09 22:40:58.053470+00:00,1837.1842245
6709d007-74fe-45e2-a640-7c7d9ba031c9,2026-06-08 18:35:09+00:00,2026-06-09 22:40:58.053470+00:00,1685.8175578333332
671c485c-1c1d-400a-9254-63e43fc1b18d,2026-06-08 16:08:32+00:00,2026-06-09 22:40:58.053470+00:00,1832.4342245
675b7702-2730-416e-82d0-928657b95647,2026-06-08 13:49:54+00:00,2026-06-09 22:40:58.053470+00:00,1971.0675578333332
67a55b15-56e5-4329-b271-a33525c353ee,2026-06-08 19:36:47+00:00,2026-06-10 00:03:36.950572+00:00,1706.8325095333335
6970f7a7-2784-4f49-8af4-b203ee951cab,2026-06-08 19:43:06+00:00,2026-06-10 00:03:36.950572+00:00,1700.5158428666666
6975d5f6-aa9d-4ba8-a7be-1017229c207b,2026-06-08 20:06:29+00:00,2026-06-10 01:03:39.944905+00:00,1737.1824150833334
69dcc1da-21ca-4cd5-b990-cdb21738d18b,2026-06-08 15:28:40+00:00,2026-06-09 22:40:58.053470+00:00,1872.3008911666666
6ad85cf8-6466-43c4-b82e-fac5140a824c,2026-06-08 19:26:02+00:00,2026-06-09 23:33:34.443759+00:00,1687.5407293166668
6b0d6016-4e45-4415-b202-16e323010fb5,2026-06-08 17:04:54+00:00,2026-06-09 22:40:58.053470+00:00,1776.0675578333332
6b6f8901-7586-4b93-b37c-285889e1ba9d,2026-06-08 14:50:53+00:00,2026-06-09 22:40:58.053470+00:00,1910.0842245
6b719f80-d2d1-49a5-8a33-2eb2901331b9,2026-06-08 13:10:17+00:00,2026-06-09 22:40:58.053470+00:00,2010.6842245
6b7a0e86-07e7-4fca-9021-a833e45c34ef,2026-06-08 13:34:12+00:00,2026-06-09 22:40:58.053470+00:00,1986.7675578333333
6bb7ec61-8dd6-409a-9836-bbd2772e29de,2026-06-08 14:25:14+00:00,2026-06-09 22:40:58.053470+00:00,1935.7342245
6be18030-a8c7-4d6a-bd80-e7a819e55d22,2026-06-08 16:28:42+00:00,2026-06-09 22:40:58.053470+00:00,1812.2675578333333
6bfe6a0f-7d08-4d55-9b00-59e873879dbe,2026-06-08 20:02:10+00:00,2026-06-10 00:03:36.950572+00:00,1681.4491762
6c419f0b-8651-4872-9d29-2abe8d2265c6,2026-06-08 13:42:34+00:00,2026-06-09 22:40:58.053470+00:00,1978.4008911666667
6c770e01-5259-4818-ae01-6c67b013f8c6,2026-06-08 17:39:09+00:00,2026-06-09 22:40:58.053470+00:00,1741.8175578333332
6ce01d7c-ee76-42ee-b0a2-c9849ed0a9b1,2026-06-08 17:12:19+00:00,2026-06-09 22:40:58.053470+00:00,1768.6508911666667
6ce9cf72-bf12-4880-b7e5-521f3f7cd71f,2026-06-08 13:19:10+00:00,2026-06-09 22:40:58.053470+00:00,2001.8008911666666
6d45537b-7d9f-47ae-be3e-e7e985ed30c4,2026-06-08 18:06:25+00:00,2026-06-09 22:40:58.053470+00:00,1714.5508911666666
6d5fee26-b7e2-4b03-81eb-8efd8c9d9550,2026-06-08 15:00:32+00:00,2026-06-09 22:40:58.053470+00:00,1900.4342245
6d640f48-3284-45e0-941c-2b386f32077c,2026-06-08 17:13:39+00:00,2026-06-09 22:40:58.053470+00:00,1767.3175578333332
6dc55458-7130-4de7-83b2-b25d5d6b1c46,2026-06-08 17:44:49+00:00,2026-06-09 22:40:58.053470+00:00,1736.1508911666667
6e0a59a2-f704-4e23-a6e2-540feb10fda7,2026-06-08 14:48:07+00:00,2026-06-09 22:40:58.053470+00:00,1912.8508911666665
6e2c75ba-561d-41bc-8d70-09ffe9b310bf,2026-06-08 16:01:27+00:00,2026-06-09 22:40:58.053470+00:00,1839.5175578333333
6f053228-701e-451e-bbcf-c8d9764bd6b4,2026-06-08 18:42:40+00:00,2026-06-09 22:43:35.283983+00:00,1680.9213997166667
6f62ebdc-e95b-49a9-bc17-40a46e8ed77c,2026-06-08 16:08:27+00:00,2026-06-09 22:40:58.053470+00:00,1832.5175578333333
6f870e93-77d7-4c1a-88d0-97b3a5057d65,2026-06-08 14:19:18+00:00,2026-06-09 22:40:58.053470+00:00,1941.6675578333334
6fafe40b-6245-4789-9501-bb722e6cc05a,2026-06-08 13:12:58+00:00,2026-06-09 22:40:58.053470+00:00,2008.0008911666666
6fd1be06-049a-4445-a410-f2950fa3449f,2026-06-08 17:08:02+00:00,2026-06-09 22:40:58.053470+00:00,1772.9342245
703f4a8c-5f13-4e0d-8fec-814542b2c53c,2026-06-08 15:28:34+00:00,2026-06-09 22:40:58.053470+00:00,1872.4008911666667
71505062-89a5-4d26-8a28-b21e09ce191d,2026-06-08 16:26:09+00:00,2026-06-09 22:40:58.053470+00:00,1814.8175578333332
71a505eb-b369-446a-bb83-cb0c1b89f954,2026-06-08 13:22:22+00:00,2026-06-09 22:40:58.053470+00:00,1998.6008911666665
721662c2-f05a-46b0-8949-abfbce608f71,2026-06-08 15:06:31+00:00,2026-06-09 22:40:58.053470+00:00,1894.4508911666667
722afb84-3c85-42f9-9570-3bf8e1bde1d1,2026-06-08 15:08:47+00:00,2026-06-09 22:40:58.053470+00:00,1892.1842245
726c1ed7-a0dc-4853-9173-f8be5d935163,2026-06-08 14:22:34+00:00,2026-06-09 22:40:58.053470+00:00,1938.4008911666667
72922268-d49f-40c1-9a7f-02303f4d2230,2026-06-08 15:48:58+00:00,2026-06-09 22:40:58.053470+00:00,1852.0008911666666
72926c44-6b0e-4350-a7bc-2f50d7ad4845,2026-06-08 13:09:38+00:00,2026-06-09 22:40:58.053470+00:00,2011.3342245
72a9b408-7fe7-4812-97a2-eeafafdcb718,2026-06-08 16:44:59+00:00,2026-06-09 22:40:58.053470+00:00,1795.9842245
72bd52dc-5faa-4304-bc12-3d9c3520c0d5,2026-06-08 16:27:58+00:00,2026-06-09 22:40:58.053470+00:00,1813.0008911666666
72f15ce1-0340-4803-864e-f8c7ebb1d62e,2026-06-08 20:09:04+00:00,2026-06-10 01:03:39.944905+00:00,1734.5990817499999
72f3b8fe-bf6e-47fc-82c0-28359fadeccf,2026-06-08 16:11:58+00:00,2026-06-09 22:40:58.053470+00:00,1829.0008911666666
73479c3c-18a5-4c8a-b2c2-6a5a24d57bf1,2026-06-08 17:15:54+00:00,2026-06-09 22:40:58.053470+00:00,1765.0675578333332
738890b5-c571-484a-8a08-05764b3136b9,2026-06-08 20:18:53+00:00,2026-06-10 01:03:39.944905+00:00,1724.7824150833333
73946630-ad77-48b8-8545-ea7e6abc5435,2026-06-08 13:10:48+00:00,2026-06-09 22:40:58.053470+00:00,2010.1675578333334
743dc4b2-3b9c-4198-8c50-2fa1843b3971,2026-06-08 17:38:20+00:00,2026-06-09 22:40:58.053470+00:00,1742.6342245
744b7ddc-ca96-4cc1-86c2-1bba5947d9e9,2026-06-08 13:29:10+00:00,2026-06-09 22:40:58.053470+00:00,1991.8008911666666
745e83f7-4ab7-48e6-859b-7076965715e8,2026-06-08 14:17:53+00:00,2026-06-09 22:40:58.053470+00:00,1943.0842245
7469f8b8-27eb-44e8-bc38-2464fc5454a2,2026-06-08 13:08:08+00:00,2026-06-09 22:40:58.053470+00:00,2012.8342245
74e399c1-ef37-4e23-abc8-88a029ed1262,2026-06-08 19:37:31+00:00,2026-06-10 00:03:36.950572+00:00,1706.0991762
75569915-c91a-4e9f-bcd1-34d3e0d1b092,2026-06-08 14:00:33+00:00,2026-06-09 22:40:58.053470+00:00,1960.4175578333334
756bef92-dc57-48be-a0a1-de957e6cdc29,2026-06-08 16:38:55+00:00,2026-06-09 22:40:58.053470+00:00,1802.0508911666666
76182861-6916-4204-9e55-846321e881ae,2026-06-08 13:33:01+00:00,2026-06-09 22:40:58.053470+00:00,1987.9508911666667
766d0271-14be-43c5-ad42-25d87a540ed9,2026-06-08 13:35:46+00:00,2026-06-09 22:40:58.053470+00:00,1985.2008911666667
7689b7c1-4c7d-4c4d-ac7f-352233e49793,2026-06-08 15:56:42+00:00,2026-06-09 22:40:58.053470+00:00,1844.2675578333333
771ae488-f3c6-4bf9-a70e-37faa10378b6,2026-06-08 13:16:45+00:00,2026-06-09 22:40:58.053470+00:00,2004.2175578333333
7747983f-666f-4f4a-b04e-6790a4ee2156,2026-06-08 17:50:04+00:00,2026-06-09 22:40:58.053470+00:00,1730.9008911666667
777ec914-c333-4b73-886a-83e020bde6ce,2026-06-08 14:16:43+00:00,2026-06-09 22:40:58.053470+00:00,1944.2508911666666
783a58be-f6e7-46b2-bb51-9fd1a863736a,2026-06-08 13:13:46+00:00,2026-06-09 22:40:58.053470+00:00,2007.2008911666667
78eb6bce-7672-4a0d-a8ee-e634fdb3dfba,2026-06-08 14:47:11+00:00,2026-06-09 22:40:58.053470+00:00,1913.7842245
793a2755-0b46-42a9-8cf8-ff62756f5731,2026-06-08 14:14:26+00:00,2026-06-09 22:40:58.053470+00:00,1946.5342245
795f6182-4bc2-4cc3-a1bf-08297459a65c,2026-06-08 14:42:32+00:00,2026-06-09 22:40:58.053470+00:00,1918.4342245
7962e0a7-7bad-4690-ad8e-4bc0bb6070e5,2026-06-08 20:20:54+00:00,2026-06-10 01:03:39.944905+00:00,1722.7657484166666
7980b012-e3ed-4f7a-96b2-85a6921e09fb,2026-06-08 19:35:36+00:00,2026-06-10 00:03:36.950572+00:00,1708.0158428666666
799bf0fc-dc05-425f-9473-c535592634f6,2026-06-08 14:13:32+00:00,2026-06-09 22:40:58.053470+00:00,1947.4342245
79d1f46e-3ae1-446b-8df3-2e450806cabd,2026-06-08 14:28:22+00:00,2026-06-09 22:40:58.053470+00:00,1932.6008911666665
7a183014-fea2-46a3-a822-c4801956d5a2,2026-06-08 14:15:02+00:00,2026-06-09 22:40:58.053470+00:00,1945.9342245
7a86d585-4337-4620-9c05-5e8f1a8732c9,2026-06-08 13:51:18+00:00,2026-06-09 22:40:58.053470+00:00,1969.6675578333334
7aeaaa8e-f5dc-41b9-bb7b-53cc61aede24,2026-06-08 15:51:03+00:00,2026-06-09 22:40:58.053470+00:00,1849.9175578333334
7ba03916-ad8c-4a2b-94e8-0d4a38c20bb9,2026-06-08 17:40:08+00:00,2026-06-09 22:40:58.053470+00:00,1740.8342245
7bc31631-edff-4026-ab88-070cc800c7a0,2026-06-08 13:18:30+00:00,2026-06-09 22:40:58.053470+00:00,2002.4675578333333
7c2a0a3c-4a4c-4a5d-bd7e-3199afd74f20,2026-06-08 19:16:44+00:00,2026-06-09 23:33:34.443759+00:00,1696.8407293166667
7c35b4e2-f541-4de2-8662-148cebff5981,2026-06-08 20:09:01+00:00,2026-06-10 01:03:39.944905+00:00,1734.64908175
7c4da343-7d9d-4982-ae1b-32f274651b75,2026-06-08 16:50:46+00:00,2026-06-09 22:40:58.053470+00:00,1790.2008911666667
7cb55926-6623-42eb-83ba-61fd0f5c28f7,2026-06-08 13:54:23+00:00,2026-06-09 22:40:58.053470+00:00,1966.5842245
7cd4a185-8a1b-45be-8c13-2af83620c81a,2026-06-08 15:36:39+00:00,2026-06-09 22:40:58.053470+00:00,1864.3175578333332
7cd886fc-b226-4897-b039-37e5430b5c9f,2026-06-08 17:43:43+00:00,2026-06-09 22:40:58.053470+00:00,1737.2508911666666
7d03d88a-544c-49e0-8ccd-2a541834b22b,2026-06-08 14:15:13+00:00,2026-06-09 22:40:58.053470+00:00,1945.7508911666666
7d79f906-4cf7-4a68-9f4b-b57ee883def9,2026-06-08 20:30:11+00:00,2026-06-10 01:03:39.944905+00:00,1713.4824150833333
7d9e8c57-e5db-47d6-8116-3cea54ee92af,2026-06-08 19:20:35+00:00,2026-06-09 23:33:34.443759+00:00,1692.9907293166666
7db81857-949c-4554-8614-74dea683cb7a,2026-06-08 13:14:54+00:00,2026-06-09 22:40:58.053470+00:00,2006.0675578333332
7df99c85-0130-43be-bd91-79127c45146e,2026-06-08 16:03:47+00:00,2026-06-09 22:40:58.053470+00:00,1837.1842245
7ec2620e-43c8-45a7-9afe-a15f4105aa5a,2026-06-08 13:42:18+00:00,2026-06-09 22:40:58.053470+00:00,1978.6675578333334
7ee1b9c1-b811-40bd-aa6f-f83bbdd2f27b,2026-06-08 15:04:01+00:00,2026-06-09 22:40:58.053470+00:00,1896.9508911666667
7f22840b-5291-4eb9-a801-1c6435fa538e,2026-06-08 13:46:28+00:00,2026-06-09 22:40:58.053470+00:00,1974.5008911666666
7f307b6c-f79e-4ea0-819c-885924647b31,2026-06-08 13:28:22+00:00,2026-06-09 22:40:58.053470+00:00,1992.6008911666665
7f8237a9-94b5-4585-81fc-06c3d18577eb,2026-06-08 16:07:00+00:00,2026-06-09 22:40:58.053470+00:00,1833.9675578333333
7f9ed99a-27dd-412c-b1fb-7deda6b92f7b,2026-06-08 16:01:01+00:00,2026-06-09 22:40:58.053470+00:00,1839.9508911666667
7fbe5394-31be-4f9d-8479-fcb2da742aff,2026-06-08 13:42:45+00:00,2026-06-09 22:40:58.053470+00:00,1978.2175578333333
7fc46e62-8073-4187-a36d-ea9f1631bd34,2026-06-08 13:38:34+00:00,2026-06-09 22:40:58.053470+00:00,1982.4008911666667
800c587d-e1da-4f07-b1c0-79a6e5aa1da7,2026-06-08 14:18:42+00:00,2026-06-09 22:40:58.053470+00:00,1942.2675578333333
800da2b0-a416-429b-adcf-396784dce119,2026-06-08 15:20:51+00:00,2026-06-09 22:40:58.053470+00:00,1880.1175578333334
803709c0-972e-4d78-8048-9e49d633af65,2026-06-08 18:43:05+00:00,2026-06-09 22:43:35.283983+00:00,1680.50473305
804f2150-e2ed-44e8-b34f-58a989b5e696,2026-06-08 20:48:40+00:00,2026-06-10 01:03:39.944905+00:00,1694.99908175
80521773-523a-443e-98cc-a6acf2aa1239,2026-06-08 16:50:59+00:00,2026-06-09 22:40:58.053470+00:00,1789.9842245
80cb9dcf-fff9-4b78-b525-a16c6f19d59b,2026-06-08 21:01:01+00:00,2026-06-10 01:03:39.944905+00:00,1682.64908175
8124afcd-9837-44c7-b07c-008f60600ab0,2026-06-08 19:23:06+00:00,2026-06-09 23:33:34.443759+00:00,1690.47406265
81356b56-8f43-4598-9829-e1731fb6589e,2026-06-08 14:28:07+00:00,2026-06-09 22:40:58.053470+00:00,1932.8508911666665
81bdec81-b992-433c-95b2-f7232e45b63d,2026-06-08 14:56:54+00:00,2026-06-09 22:40:58.053470+00:00,1904.0675578333332
81e78c8b-4bf3-4457-bc00-1d2d6d9cd460,2026-06-08 13:58:23+00:00,2026-06-09 22:40:58.053470+00:00,1962.5842245
81e937c1-13e3-4398-a279-dcccfe0a413a,2026-06-08 13:15:40+00:00,2026-06-09 22:40:58.053470+00:00,2005.3008911666666
821afb48-0523-4c1e-8153-d01ae512d883,2026-06-08 16:50:59+00:00,2026-06-09 22:40:58.053470+00:00,1789.9842245
82771737-58a7-4f6a-bba3-3d2d53547d1f,2026-06-08 19:10:27+00:00,2026-06-09 23:33:34.443759+00:00,1703.12406265
82bc5d6b-7e83-4a49-8ab6-cfdb15d0c404,2026-06-08 15:31:50+00:00,2026-06-09 22:40:58.053470+00:00,1869.1342245
82d8c9cb-8237-424f-bd7f-348f2a58a456,2026-06-08 15:33:06+00:00,2026-06-09 22:40:58.053470+00:00,1867.8675578333334
82f8b7e4-4646-483e-b274-2500faa9d45b,2026-06-08 18:22:27+00:00,2026-06-09 22:40:58.053470+00:00,1698.5175578333333
8304fd2d-2f35-453a-9996-ca6bc76fa028,2026-06-08 15:51:37+00:00,2026-06-09 22:40:58.053470+00:00,1849.3508911666665
833d1792-dffe-4c94-a705-cf849fe8ab18,2026-06-08 13:14:51+00:00,2026-06-09 22:40:58.053470+00:00,2006.1175578333334
839802cb-2cb1-4043-951a-b5bb835a0195,2026-06-08 13:03:48+00:00,2026-06-09 22:40:58.053470+00:00,2017.1675578333334
8447cd13-7e4d-4094-9e44-40e5f2fffedd,2026-06-08 20:46:01+00:00,2026-06-10 01:03:39.944905+00:00,1697.64908175
84953281-0b4c-4c60-ac45-b70ccc770f61,2026-06-08 14:47:09+00:00,2026-06-09 22:40:58.053470+00:00,1913.8175578333332
84b012b0-5e25-425a-bd46-4cce66c959e7,2026-06-08 15:53:21+00:00,2026-06-09 22:40:58.053470+00:00,1847.6175578333334
84b318a5-92f0-4354-bd28-384fa83aa261,2026-06-08 13:20:29+00:00,2026-06-09 22:40:58.053470+00:00,2000.4842245
84ca24f9-f50d-4f7a-95e1-cf4a782da33c,2026-06-08 13:20:41+00:00,2026-06-09 22:40:58.053470+00:00,2000.2842245
84d109fd-b85c-4011-9b24-659e4bf18dea,2026-06-08 17:25:19+00:00,2026-06-09 22:40:58.053470+00:00,1755.6508911666667
856bbabb-93c7-4002-ba47-2ea59b6ec958,2026-06-08 17:52:26+00:00,2026-06-09 22:40:58.053470+00:00,1728.5342245
85b3fb37-72e4-44ad-bb1a-e436a4b7dea1,2026-06-08 19:19:13+00:00,2026-06-09 23:33:34.443759+00:00,1694.3573959833334
85dbb4ea-b914-444e-89de-9e6906fc2884,2026-06-08 13:20:33+00:00,2026-06-09 22:40:58.053470+00:00,2000.4175578333334
85e9efab-58dc-4697-81d0-07f07298ab3c,2026-06-08 13:22:02+00:00,2026-06-09 22:40:58.053470+00:00,1998.9342245
85ffce62-541e-404a-b461-96be7fc7eafc,2026-06-08 14:43:20+00:00,2026-06-09 22:40:58.053470+00:00,1917.6342245
863c5b30-f86a-4bbd-96ee-1ede69fa0d0e,2026-06-08 15:14:04+00:00,2026-06-09 22:40:58.053470+00:00,1886.9008911666667
86aba65d-48c8-49a4-ba7f-fde0bb7149ab,2026-06-08 13:26:27+00:00,2026-06-09 22:40:58.053470+00:00,1994.5175578333333
86cbe9fe-f3a3-419a-b6ed-cc32bbfd311d,2026-06-08 14:51:33+00:00,2026-06-09 22:40:58.053470+00:00,1909.4175578333334
870b37b0-c005-4919-a6a4-f1188b9baa70,2026-06-08 13:02:14+00:00,2026-06-09 22:40:58.053470+00:00,2018.7342245
876bcf5c-32a9-46cf-87b4-ca8ac118c02c,2026-06-08 15:17:04+00:00,2026-06-09 22:40:58.053470+00:00,1883.9008911666667
8772694b-eff2-478b-b1ae-edd16e24672e,2026-06-08 14:25:46+00:00,2026-06-09 22:40:58.053470+00:00,1935.2008911666667
8797eb7a-5c87-4d88-9969-8d5353d27867,2026-06-08 13:13:02+00:00,2026-06-09 22:40:58.053470+00:00,2007.9342245
87f5af33-5960-42b0-8930-7df0728afe87,2026-06-08 15:29:22+00:00,2026-06-09 22:40:58.053470+00:00,1871.6008911666665
8808f9ba-5812-41b3-a655-5b6cb5049793,2026-06-08 19:14:56+00:00,2026-06-09 23:33:34.443759+00:00,1698.6407293166667
8823e031-9ca3-4593-abdd-94b58fa93cde,2026-06-08 14:28:32+00:00,2026-06-09 22:40:58.053470+00:00,1932.4342245
8826095e-29b1-4474-9b54-56d9c30130fc,2026-06-08 18:18:22+00:00,2026-06-09 22:40:58.053470+00:00,1702.6008911666665
885f9e31-353f-4611-abb8-a41443565549,2026-06-08 14:54:15+00:00,2026-06-09 22:40:58.053470+00:00,1906.7175578333333
88651016-0d76-408e-9663-a6dd303322c1,2026-06-08 14:52:21+00:00,2026-06-09 22:40:58.053470+00:00,1908.6175578333334
886f2134-e48b-46d1-8188-4647b0c67e27,2026-06-08 13:46:34+00:00,2026-06-09 22:40:58.053470+00:00,1974.4008911666667
88cd6fe9-81e4-43ee-84f6-8de612c44228,2026-06-08 17:46:21+00:00,2026-06-09 22:40:58.053470+00:00,1734.6175578333334
88cf069e-7066-410f-a78a-cf7ab1300e48,2026-06-08 13:41:47+00:00,2026-06-09 22:40:58.053470+00:00,1979.1842245
88fa8978-e815-4ffa-a9d2-ad08a98acbfb,2026-06-08 14:15:14+00:00,2026-06-09 22:40:58.053470+00:00,1945.7342245
890f76b8-454e-4d7d-8b82-3c378aa1b91e,2026-06-08 19:21:37+00:00,2026-06-09 23:33:34.443759+00:00,1691.9573959833333
895da322-75ee-4c02-8cc4-2adfd5f054eb,2026-06-08 13:26:14+00:00,2026-06-09 22:40:58.053470+00:00,1994.7342245
898c119e-7430-4464-afd4-47908c2fa2cf,2026-06-08 18:34:09+00:00,2026-06-09 22:40:58.053470+00:00,1686.8175578333332
89905c00-67ac-4320-8b5d-70ec7ef443fa,2026-06-08 14:44:28+00:00,2026-06-09 22:40:58.053470+00:00,1916.5008911666666
8a4a6f66-006a-423d-9496-f5eaac5b5ee6,2026-06-08 14:12:41+00:00,2026-06-09 22:40:58.053470+00:00,1948.2842245
8a4c15b5-b324-49a2-890f-c7c7154677d1,2026-06-08 13:36:22+00:00,2026-06-09 22:40:58.053470+00:00,1984.6008911666665
8a6e7238-c1f5-4b7c-b8ce-834beaca2f95,2026-06-08 15:21:35+00:00,2026-06-09 22:40:58.053470+00:00,1879.3842245
8a944ad6-6ede-46dd-921e-4f28902b594e,2026-06-08 14:42:52+00:00,2026-06-09 22:40:58.053470+00:00,1918.1008911666665
8abd3ee1-583a-4286-9c75-39a745dfc30f,2026-06-08 15:24:05+00:00,2026-06-09 22:40:58.053470+00:00,1876.8842245
8ac3244f-3cf5-4785-9c98-f87c5d6e2042,2026-06-08 13:28:37+00:00,2026-06-09 22:40:58.053470+00:00,1992.3508911666665
8b1c2534-dcb9-4e28-b2dc-bc66bb8da634,2026-06-08 20:28:17+00:00,2026-06-10 01:03:39.944905+00:00,1715.3824150833332
8b5f9090-7420-4db3-93d3-28e06c274f2e,2026-06-08 13:10:24+00:00,2026-06-09 22:40:58.053470+00:00,2010.5675578333332
8b7d29f4-3663-46f8-aa25-45c723ca0344,2026-06-08 13:20:14+00:00,2026-06-09 22:40:58.053470+00:00,2000.7342245
8c4277b4-5bca-496d-8e4e-8680ad7aec85,2026-06-08 14:48:25+00:00,2026-06-09 22:40:58.053470+00:00,1912.5508911666666
8c76833b-d3a6-4a1a-a9da-9df927beca56,2026-06-08 18:23:58+00:00,2026-06-09 22:40:58.053470+00:00,1697.0008911666666
8c8f7271-af79-469e-916d-4226fcc076df,2026-06-08 15:04:06+00:00,2026-06-09 22:40:58.053470+00:00,1896.8675578333334
8ca23631-363d-4fce-9fed-dcfd7fd199be,2026-06-08 13:23:34+00:00,2026-06-09 22:40:58.053470+00:00,1997.4008911666667
8d681892-9adb-435d-ae17-63b390b1ef11,2026-06-08 15:41:04+00:00,2026-06-09 22:40:58.053470+00:00,1859.9008911666667
8dd1ad10-7492-4802-b419-a1e99bb28d0e,2026-06-08 14:35:22+00:00,2026-06-09 22:40:58.053470+00:00,1925.6008911666665
8dd36b4c-d705-4bb8-912f-7b9d87fe0111,2026-06-08 14:55:44+00:00,2026-06-09 22:40:58.053470+00:00,1905.2342245
8e27ba37-69d8-43dc-9e8e-cec2a4185769,2026-06-08 19:29:49+00:00,2026-06-09 23:33:34.443759+00:00,1683.7573959833333
8e75f069-40da-4f2f-a57b-b6a0a65bb56b,2026-06-08 14:53:33+00:00,2026-06-09 22:40:58.053470+00:00,1907.4175578333334
8e853e3b-e01c-4e5e-aed1-d4d039cb5761,2026-06-08 13:40:24+00:00,2026-06-09 22:40:58.053470+00:00,1980.5675578333332
8ed6f95f-1592-406c-baf4-1450debaf7c6,2026-06-08 20:54:17+00:00,2026-06-10 01:03:39.944905+00:00,1689.3824150833332
8f060d81-fd68-48e3-afd9-477daca10a7c,2026-06-08 17:38:50+00:00,2026-06-09 22:40:58.053470+00:00,1742.1342245
8f8771c3-80d5-4932-a064-2c55739b479c,2026-06-08 14:18:15+00:00,2026-06-09 22:40:58.053470+00:00,1942.7175578333333
8f96f0d9-5ce5-4edd-b89c-6e8391af0ec6,2026-06-08 15:11:23+00:00,2026-06-09 22:40:58.053470+00:00,1889.5842245
8face6a7-d647-4d75-9426-6378dc5eb5e3,2026-06-08 14:40:01+00:00,2026-06-09 22:40:58.053470+00:00,1920.9508911666667
903d089d-2129-402c-bc78-d299024303fc,2026-06-08 16:30:27+00:00,2026-06-09 22:40:58.053470+00:00,1810.5175578333333
90480686-63ff-4df4-b8cb-153955493be6,2026-06-08 20:23:59+00:00,2026-06-10 01:03:39.944905+00:00,1719.6824150833334
90534118-5087-48dd-b1fc-7bb2083e5d0c,2026-06-08 15:02:39+00:00,2026-06-09 22:40:58.053470+00:00,1898.3175578333332
905992cc-d9df-476c-94e1-0610b2c7bf97,2026-06-08 20:28:49+00:00,2026-06-10 01:03:39.944905+00:00,1714.8490817499999
907b07af-49f3-4b27-bbd7-30f64bbea859,2026-06-08 13:04:21+00:00,2026-06-09 22:40:58.053470+00:00,2016.6175578333334
908bc129-4e65-4862-81eb-e05105fbb773,2026-06-08 18:00:24+00:00,2026-06-09 22:40:58.053470+00:00,1720.5675578333332
90b1e780-1a72-4b63-9c31-1158d61476ad,2026-06-08 20:24:23+00:00,2026-06-10 01:03:39.944905+00:00,1719.2824150833333
90b72281-7342-4bb8-8a23-62c646593a8e,2026-06-08 20:21:08+00:00,2026-06-10 01:03:39.944905+00:00,1722.5324150833333
90f00918-45db-4e33-9191-fddb40fb60f8,2026-06-08 16:13:58+00:00,2026-06-09 22:40:58.053470+00:00,1827.0008911666666
9121a1f0-0d7f-4d7e-bd49-541d7cc8dbe7,2026-06-08 13:54:55+00:00,2026-06-09 22:40:58.053470+00:00,1966.0508911666666
91234751-3f7f-493c-976b-7ac16e820820,2026-06-08 18:17:04+00:00,2026-06-09 22:40:58.053470+00:00,1703.9008911666667
91a8906f-0047-4fef-8121-88a42b330741,2026-06-08 16:21:19+00:00,2026-06-09 22:40:58.053470+00:00,1819.6508911666667
91fbb24f-a4e1-43a2-b2e6-f205cb5532f1,2026-06-08 13:26:43+00:00,2026-06-09 22:40:58.053470+00:00,1994.2508911666666
92043aac-908c-43f6-b0bb-44152bf8cab0,2026-06-08 14:31:47+00:00,2026-06-09 22:40:58.053470+00:00,1929.1842245
922abf72-f7f2-4256-84a4-7e7e83248da6,2026-06-08 14:15:21+00:00,2026-06-09 22:40:58.053470+00:00,1945.6175578333334
92311b14-25c1-4d61-bebc-f2032e00abe0,2026-06-08 17:32:59+00:00,2026-06-09 22:40:58.053470+00:00,1747.9842245
9261619b-bda8-452f-bfcf-0adbc51926c3,2026-06-08 14:07:53+00:00,2026-06-09 22:40:58.053470+00:00,1953.0842245
92abe07e-84b2-4eee-9e2f-3960158310b0,2026-06-08 17:21:36+00:00,2026-06-09 22:40:58.053470+00:00,1759.3675578333334
92efa5b2-6f25-41bc-aba8-27269a2a0db6,2026-06-08 17:01:27+00:00,2026-06-09 22:40:58.053470+00:00,1779.5175578333333
934231f9-9a51-49df-bce5-c876ab0e5ae1,2026-06-08 15:28:48+00:00,2026-06-09 22:40:58.053470+00:00,1872.1675578333334
934d36fc-0cc0-4553-8586-b6a9aa8c377f,2026-06-08 16:04:39+00:00,2026-06-09 22:40:58.053470+00:00,1836.3175578333332
93596104-b971-4119-b0e3-8a6b3fa251cf,2026-06-08 19:01:03+00:00,2026-06-09 23:03:39.587405+00:00,1682.6097900833333
9369f0e4-bf78-4806-8b44-4969e82a2880,2026-06-08 13:29:48+00:00,2026-06-09 22:40:58.053470+00:00,1991.1675578333334
93bad6e5-1011-48d7-af44-fc87d711fa07,2026-06-08 20:24:41+00:00,2026-06-10 01:03:39.944905+00:00,1718.9824150833333
93c6b6bc-0a2b-4306-ab9b-de74037c3ae3,2026-06-08 18:01:16+00:00,2026-06-09 22:40:58.053470+00:00,1719.7008911666667
93d35e4d-ad89-4dc1-b2d8-549d54e83bd5,2026-06-08 14:54:42+00:00,2026-06-09 22:40:58.053470+00:00,1906.2675578333333
93ec5a58-1072-4531-98a8-8514dc152dfe,2026-06-08 20:35:52+00:00,2026-06-10 01:03:39.944905+00:00,1707.79908175
94d18a04-4de7-4253-bc37-8fdbe59bcf3d,2026-06-08 13:36:27+00:00,2026-06-09 22:40:58.053470+00:00,1984.5175578333333
94eccb52-879b-47e6-816c-e36ecdab7d91,2026-06-08 18:47:34+00:00,2026-06-09 22:48:37.303557+00:00,1681.0550592833335
952a80f2-6c87-46c1-8870-e199e4964b90,2026-06-08 19:12:17+00:00,2026-06-09 23:33:34.443759+00:00,1701.2907293166668
952b54ec-3596-47b8-9cb8-23067519092d,2026-06-08 18:20:19+00:00,2026-06-09 22:40:58.053470+00:00,1700.6508911666667
95ac3c0e-d6c1-4ac3-bb97-861e17fbfb9b,2026-06-08 15:10:27+00:00,2026-06-09 22:40:58.053470+00:00,1890.5175578333333
95b957e2-e3ba-4642-acbb-e01c59a058a3,2026-06-08 17:24:36+00:00,2026-06-09 22:40:58.053470+00:00,1756.3675578333334
95e023a9-308f-483e-8b42-db45c33d8c09,2026-06-08 13:46:47+00:00,2026-06-09 22:40:58.053470+00:00,1974.1842245
95fda7dd-c033-4139-b660-7478a3946d02,2026-06-08 14:09:51+00:00,2026-06-09 22:40:58.053470+00:00,1951.1175578333334
9664eabb-9982-41a4-a982-ef98ba5388f5,2026-06-08 15:09:13+00:00,2026-06-09 22:40:58.053470+00:00,1891.7508911666666
96681400-d16a-4454-a588-624095c6d78a,2026-06-08 20:22:57+00:00,2026-06-10 01:03:39.944905+00:00,1720.7157484166667
96f3a3a8-d75d-4aad-b582-533cc8775d28,2026-06-08 15:22:57+00:00,2026-06-09 22:40:58.053470+00:00,1878.0175578333333
97455505-f253-4891-b0b4-0e407bb517a7,2026-06-08 13:30:04+00:00,2026-06-09 22:40:58.053470+00:00,1990.9008911666667
9749c5d9-d480-449d-9aa6-f1e0e99f8110,2026-06-08 18:11:11+00:00,2026-06-09 22:40:58.053470+00:00,1709.7842245
9778ec36-2cf7-4292-a77e-3d98ca52529d,2026-06-08 17:31:09+00:00,2026-06-09 22:40:58.053470+00:00,1749.8175578333332
9787ff31-38d3-43b6-a5d3-59653eac261a,2026-06-08 13:16:32+00:00,2026-06-09 22:40:58.053470+00:00,2004.4342245
97e55aa6-6a1a-4ca7-a9e6-470a92d9ece7,2026-06-08 13:14:07+00:00,2026-06-09 22:40:58.053470+00:00,2006.8508911666665
9810d4c2-06af-40aa-a1aa-b0a2f8b9db0e,2026-06-08 14:02:46+00:00,2026-06-09 22:40:58.053470+00:00,1958.2008911666667
985d46c9-739a-4ade-935f-aaeff016c726,2026-06-08 16:56:42+00:00,2026-06-09 22:40:58.053470+00:00,1784.2675578333333
98f8bf9a-70e0-441d-ad3d-ba865e1ca2ad,2026-06-08 13:07:22+00:00,2026-06-09 22:40:58.053470+00:00,2013.6008911666665
9906a917-ba59-4ebf-937a-b68ca94e3377,2026-06-08 14:19:32+00:00,2026-06-09 22:40:58.053470+00:00,1941.4342245
9915ec9a-6677-4618-bd0d-fa956f6ad4ee,2026-06-08 13:07:58+00:00,2026-06-09 22:40:58.053470+00:00,2013.0008911666666
99643d86-1cc2-4b0c-853a-10fb28805e97,2026-06-08 18:47:06+00:00,2026-06-09 22:48:37.303557+00:00,1681.52172595
999ea90b-0878-45af-a876-4769b066dd4c,2026-06-08 18:43:49+00:00,2026-06-09 22:48:37.303557+00:00,1684.8050592833335
99ce9f4e-cf85-423a-8dc1-eda17030e9d6,2026-06-08 16:41:34+00:00,2026-06-09 22:40:58.053470+00:00,1799.4008911666667
99e07c9e-024d-48e1-8539-b0667119eee3,2026-06-08 17:30:50+00:00,2026-06-09 22:40:58.053470+00:00,1750.1342245
99fd85bc-f95b-4371-9d75-bb7f7577ee07,2026-06-08 15:31:53+00:00,2026-06-09 22:40:58.053470+00:00,1869.0842245
9a1de974-6c49-4b97-8e9e-a1b2ff943f69,2026-06-08 20:09:41+00:00,2026-06-10 01:03:39.944905+00:00,1733.9824150833333
9a58576c-a47c-4995-9508-b8fa293986b0,2026-06-08 15:22:37+00:00,2026-06-09 22:40:58.053470+00:00,1878.3508911666665
9a6640d8-3a16-4971-81c7-b36f7636d0a0,2026-06-08 20:25:09+00:00,2026-06-10 01:03:39.944905+00:00,1718.5157484166666
9b00c0c8-76ba-4e5d-bc53-f0806cbe268d,2026-06-08 14:34:21+00:00,2026-06-09 22:40:58.053470+00:00,1926.6175578333334
9b068fa8-2c53-4051-9162-42cece24fa01,2026-06-08 13:55:47+00:00,2026-06-09 22:40:58.053470+00:00,1965.1842245
9b15a713-08fb-4d73-843e-a92306c5a922,2026-06-08 13:37:36+00:00,2026-06-09 22:40:58.053470+00:00,1983.3675578333334
9b17bfe0-e8c0-4b39-8848-81ea1c1b8b3c,2026-06-08 15:11:39+00:00,2026-06-09 22:40:58.053470+00:00,1889.3175578333332
9b3aa81d-59e5-44d3-98d0-5fed63d923b7,2026-06-08 14:41:50+00:00,2026-06-09 22:40:58.053470+00:00,1919.1342245
9b4ad869-3cb1-4c4b-947b-3ef872bae35d,2026-06-08 16:50:14+00:00,2026-06-09 22:40:58.053470+00:00,1790.7342245
9bd5a99c-b374-433e-a9de-5c1bcd7250f2,2026-06-08 14:22:00+00:00,2026-06-09 22:40:58.053470+00:00,1938.9675578333333
9c1885a9-9fea-4415-8b1c-4ed518054dc6,2026-06-08 13:02:28+00:00,2026-06-09 22:40:58.053470+00:00,2018.5008911666666
9c37d611-b0a7-417d-a991-56b3847f091d,2026-06-08 20:59:24+00:00,2026-06-10 01:03:39.944905+00:00,1684.2657484166666
9c487733-6bef-4478-bbf1-55b51070a0b9,2026-06-08 16:42:25+00:00,2026-06-09 22:40:58.053470+00:00,1798.5508911666666
9c7ca380-4b5f-4f83-bfac-d12267173da9,2026-06-08 14:45:38+00:00,2026-06-09 22:40:58.053470+00:00,1915.3342245
9c9060ae-5c07-4232-be78-22ce788647ee,2026-06-08 14:22:59+00:00,2026-06-09 22:40:58.053470+00:00,1937.9842245
9cb9ce93-0fe0-402a-83c4-c66b9a691253,2026-06-08 13:07:33+00:00,2026-06-09 22:40:58.053470+00:00,2013.4175578333334
9ccb1a07-bf73-42a4-a746-67897aee7122,2026-06-08 17:58:04+00:00,2026-06-09 22:40:58.053470+00:00,1722.9008911666667
9e152def-2d9d-4cfd-ae1a-56f784cb677f,2026-06-08 14:43:55+00:00,2026-06-09 22:40:58.053470+00:00,1917.0508911666666
9e2d63ce-ac81-4cee-b47b-4593fa474ff0,2026-06-08 13:25:57+00:00,2026-06-09 22:40:58.053470+00:00,1995.0175578333333
9e6ec171-10f8-4ac8-a20b-38a0b34ee261,2026-06-08 15:52:13+00:00,2026-06-09 22:40:58.053470+00:00,1848.7508911666666
9e9f424f-ec31-4efd-922d-49912c4d6533,2026-06-08 16:16:08+00:00,2026-06-09 22:40:58.053470+00:00,1824.8342245
9eadc66e-e76d-49ef-b21b-480ccb522038,2026-06-08 16:04:57+00:00,2026-06-09 22:40:58.053470+00:00,1836.0175578333333
9ecc0d6c-2890-44a3-a4fe-81805f491991,2026-06-08 14:55:23+00:00,2026-06-09 22:40:58.053470+00:00,1905.5842245
9ede9a81-985f-4ed5-be10-beeac715195b,2026-06-08 14:04:59+00:00,2026-06-09 22:40:58.053470+00:00,1955.9842245
9ee86544-272e-4b3a-a34a-881ce2ad4774,2026-06-08 20:25:39+00:00,2026-06-10 01:03:39.944905+00:00,1718.0157484166666
9f10f0f3-be39-4e87-9981-4446fc1d196b,2026-06-08 13:21:31+00:00,2026-06-09 22:40:58.053470+00:00,1999.4508911666667
9fd83848-ae4e-48dc-81e4-aa325df19708,2026-06-08 14:54:01+00:00,2026-06-09 22:40:58.053470+00:00,1906.9508911666667
a0193a4f-e02a-4d3c-ba1e-5357f1513942,2026-06-08 14:42:55+00:00,2026-06-09 22:40:58.053470+00:00,1918.0508911666666
a07a3d92-4304-4aa1-b7e0-7f9fff3d46d5,2026-06-08 15:06:25+00:00,2026-06-09 22:40:58.053470+00:00,1894.5508911666666
a09c2f00-d5fb-4585-bad9-ec8edc185959,2026-06-08 17:33:25+00:00,2026-06-09 22:40:58.053470+00:00,1747.5508911666666
a1e71d4a-5371-4840-83d1-ea44127b3eba,2026-06-08 15:01:00+00:00,2026-06-09 22:40:58.053470+00:00,1899.9675578333333
a252b3c9-a2ed-4e9b-b822-dae53d0040ba,2026-06-08 16:48:04+00:00,2026-06-09 22:40:58.053470+00:00,1792.9008911666667
a267ecfe-1e53-48bb-8b17-44661bc35337,2026-06-08 17:09:53+00:00,2026-06-09 22:40:58.053470+00:00,1771.0842245
a28ac239-5ef3-4450-93ee-f0f4f1a30838,2026-06-08 18:34:28+00:00,2026-06-09 22:40:58.053470+00:00,1686.5008911666666
a2adbe42-9639-4e55-aeb4-823b56122f0c,2026-06-08 13:58:38+00:00,2026-06-09 22:40:58.053470+00:00,1962.3342245
a3224a14-42fa-46b5-8933-225bd45ed8d1,2026-06-08 13:34:23+00:00,2026-06-09 22:40:58.053470+00:00,1986.5842245
a33d3f05-f9c3-47da-8b70-413cf44a38c9,2026-06-08 13:08:28+00:00,2026-06-09 22:40:58.053470+00:00,2012.5008911666666
a340fed2-376a-4332-b934-3a4db4102a3e,2026-06-08 14:44:39+00:00,2026-06-09 22:40:58.053470+00:00,1916.3175578333332
a373bef4-5832-43a1-a3d3-5ff8d8038e6c,2026-06-08 13:39:03+00:00,2026-06-09 22:40:58.053470+00:00,1981.9175578333334
a3832f8f-4c5a-4aff-a443-3172c39e134a,2026-06-08 15:39:26+00:00,2026-06-09 22:40:58.053470+00:00,1861.5342245
a39389e0-7cec-4ed8-b0fd-712540b06452,2026-06-08 16:38:28+00:00,2026-06-09 22:40:58.053470+00:00,1802.5008911666666
a3e72afa-9272-49e8-87c7-fd9baf903095,2026-06-08 17:45:55+00:00,2026-06-09 22:40:58.053470+00:00,1735.0508911666666
a4e02209-c829-4a11-959f-1248d2aef1a7,2026-06-08 19:49:33+00:00,2026-06-10 00:03:36.950572+00:00,1694.0658428666668
a58af597-eeea-482c-98f3-a38aba947b27,2026-06-08 13:26:34+00:00,2026-06-09 22:40:58.053470+00:00,1994.4008911666667
a5a00fec-ae59-4ece-9535-c3688da63247,2026-06-08 16:37:57+00:00,2026-06-09 22:40:58.053470+00:00,1803.0175578333333
a5f18c31-5f9c-4d4b-9191-ee1a27759199,2026-06-08 21:02:11+00:00,2026-06-10 01:03:39.944905+00:00,1681.4824150833333
a61492ea-732b-4721-aab3-5ec995e9ea2a,2026-06-08 13:46:10+00:00,2026-06-09 22:40:58.053470+00:00,1974.8008911666666
a647e338-d80a-4c61-9945-a17d30cfe4cf,2026-06-08 15:23:56+00:00,2026-06-09 22:40:58.053470+00:00,1877.0342245
a652575e-f6d0-4f23-864f-790a3439d347,2026-06-08 19:46:26+00:00,2026-06-10 00:03:36.950572+00:00,1697.1825095333334
a676ac12-2222-472a-89ca-87c095662036,2026-06-08 20:32:17+00:00,2026-06-10 01:03:39.944905+00:00,1711.3824150833332
a69e0c4a-8857-41dc-8627-a82b8ad7e051,2026-06-08 19:49:45+00:00,2026-06-10 00:03:36.950572+00:00,1693.8658428666668
a6f6e4d1-985c-4d13-871d-cd116f78139a,2026-06-08 13:52:08+00:00,2026-06-09 22:40:58.053470+00:00,1968.8342245
a7360561-5522-421e-aee7-5ed679f24eec,2026-06-08 15:05:38+00:00,2026-06-09 22:40:58.053470+00:00,1895.3342245
a807c963-2b5f-4fc2-95c2-8b2ff4d22e05,2026-06-08 16:50:12+00:00,2026-06-09 22:40:58.053470+00:00,1790.7675578333333
a82df7c5-6c20-469b-917d-9d34c2ff52bd,2026-06-08 20:56:20+00:00,2026-06-10 01:03:39.944905+00:00,1687.3324150833332
a870d255-cf9a-4fdc-89b4-2e025817bb49,2026-06-08 13:17:04+00:00,2026-06-09 22:40:58.053470+00:00,2003.9008911666667
a8958336-ce7c-4e26-b539-5b0043de8292,2026-06-08 14:01:46+00:00,2026-06-09 22:40:58.053470+00:00,1959.2008911666667
a8ab06b5-af26-45f2-a4a5-e20cde05c391,2026-06-08 14:41:56+00:00,2026-06-09 22:40:58.053470+00:00,1919.0342245
a8c4ec31-72df-4f42-be27-95997e1c74c1,2026-06-08 15:36:41+00:00,2026-06-09 22:40:58.053470+00:00,1864.2842245
a8c7e562-f42e-4403-9dff-70a01057cb39,2026-06-08 17:45:35+00:00,2026-06-09 22:40:58.053470+00:00,1735.3842245
a903e75e-2b55-4e2a-9d88-b7f891b42cb3,2026-06-08 13:38:16+00:00,2026-06-09 22:40:58.053470+00:00,1982.7008911666667
a95c92e6-f31b-4ecc-ac9a-54525dc26205,2026-06-08 19:50:41+00:00,2026-06-10 00:03:36.950572+00:00,1692.9325095333334
a996cb66-a94d-4710-a5ed-7cdaba832430,2026-06-08 18:23:45+00:00,2026-06-09 22:40:58.053470+00:00,1697.2175578333333
a99ec0be-d841-481f-aef5-e00a0f045836,2026-06-08 13:09:23+00:00,2026-06-09 22:40:58.053470+00:00,2011.5842245
a9c7e848-d61d-45f7-91e5-163e1cab4fe7,2026-06-08 13:43:51+00:00,2026-06-09 22:40:58.053470+00:00,1977.1175578333334
aa309b5c-611f-4811-b726-2fc61f393ddd,2026-06-08 15:34:46+00:00,2026-06-09 22:40:58.053470+00:00,1866.2008911666667
aab74a4d-1a28-4f14-bf29-6e336c93dd66,2026-06-08 15:01:33+00:00,2026-06-09 22:40:58.053470+00:00,1899.4175578333334
aabe3171-b582-4ab3-b82d-c77b68eea8f3,2026-06-08 17:52:49+00:00,2026-06-09 22:40:58.053470+00:00,1728.1508911666667
aaccef4a-d97b-4f70-9587-df8884a80291,2026-06-08 19:02:47+00:00,2026-06-09 23:03:39.587405+00:00,1680.87645675
aae2dd41-8b2e-4281-80b2-767daef17de7,2026-06-08 18:52:56+00:00,2026-06-09 23:03:39.587405+00:00,1690.72645675
ab6a1bfd-352a-4fcc-a92f-ce4366824217,2026-06-08 15:15:22+00:00,2026-06-09 22:40:58.053470+00:00,1885.6008911666665
ab9b7df8-6191-4e94-927e-eb14b0ee1f24,2026-06-08 15:07:33+00:00,2026-06-09 22:40:58.053470+00:00,1893.4175578333334
abefc129-4fb6-4b59-a751-d73e269c605f,2026-06-08 18:33:36+00:00,2026-06-09 22:40:58.053470+00:00,1687.3675578333334
ac8cd4e7-a0b4-4a32-9fb5-5263d54fdc94,2026-06-08 15:11:18+00:00,2026-06-09 22:40:58.053470+00:00,1889.6675578333334
aca8400d-606a-41f6-bd98-df22bdc8797e,2026-06-08 13:38:16+00:00,2026-06-09 22:40:58.053470+00:00,1982.7008911666667
acbe57e7-2d93-4675-b37e-4466e48974f5,2026-06-08 15:37:31+00:00,2026-06-09 22:40:58.053470+00:00,1863.4508911666667
ad72d62d-5b6e-4021-a0fc-62352fa24175,2026-06-08 13:04:00+00:00,2026-06-09 22:40:58.053470+00:00,2016.9675578333333
ad80ee81-103e-4041-ad46-908bbaa5a44f,2026-06-08 13:06:23+00:00,2026-06-09 22:40:58.053470+00:00,2014.5842245
adb43acf-f128-4b03-b82d-131c6c36d943,2026-06-08 15:12:22+00:00,2026-06-09 22:40:58.053470+00:00,1888.6008911666665
adf81898-3460-4f1f-9e07-17f403ea8578,2026-06-08 18:42:36+00:00,2026-06-09 22:43:35.283983+00:00,1680.9880663833333
aec136e4-815b-46d9-b5f0-0be124bf96da,2026-06-08 18:11:06+00:00,2026-06-09 22:40:58.053470+00:00,1709.8675578333334
aed93fcd-3f3a-4dec-873c-ceeb62427887,2026-06-08 17:45:45+00:00,2026-06-09 22:40:58.053470+00:00,1735.2175578333333
aefb6f7d-a169-4fe9-963e-849a0f64685c,2026-06-08 16:22:15+00:00,2026-06-09 22:40:58.053470+00:00,1818.7175578333333
afa19515-fa78-4d10-bb4d-7a63cc57a0aa,2026-06-08 15:39:19+00:00,2026-06-09 22:40:58.053470+00:00,1861.6508911666667
afceef73-485f-4ed4-ab2f-07de424fb195,2026-06-08 13:12:36+00:00,2026-06-09 22:40:58.053470+00:00,2008.3675578333334
afd1506f-5920-41c2-85cc-1221e44c306c,2026-06-08 15:40:51+00:00,2026-06-09 22:40:58.053470+00:00,1860.1175578333334
afea678d-17e9-490d-a38a-d8f48fc2d846,2026-06-08 16:41:57+00:00,2026-06-09 22:40:58.053470+00:00,1799.0175578333333
b01dd729-c565-47e5-a1d4-ca3aed1c4627,2026-06-08 20:21:56+00:00,2026-06-10 01:03:39.944905+00:00,1721.7324150833333
b025d002-8fd6-4834-8740-69d6f2bcdeb5,2026-06-08 17:58:36+00:00,2026-06-09 22:40:58.053470+00:00,1722.3675578333334
b0630b99-0ff5-4852-b6c9-3d92be2b0841,2026-06-08 14:10:52+00:00,2026-06-09 22:40:58.053470+00:00,1950.1008911666665
b08c9084-f3c8-45ba-9d13-e2b3c7474396,2026-06-08 17:21:26+00:00,2026-06-09 22:40:58.053470+00:00,1759.5342245
b09abc93-0041-4677-88a0-75c41818e144,2026-06-08 18:28:53+00:00,2026-06-09 22:40:58.053470+00:00,1692.0842245
b0dbba08-a0cd-46ad-b882-6e421792e7b1,2026-06-08 20:00:59+00:00,2026-06-10 00:03:36.950572+00:00,1682.6325095333334
b14ef4be-dac3-4da2-b1e8-6949bad54ad7,2026-06-08 16:45:52+00:00,2026-06-09 22:40:58.053470+00:00,1795.1008911666665
b169edcd-b0b4-4c41-8493-547efd0bd4bc,2026-06-08 14:25:21+00:00,2026-06-09 22:40:58.053470+00:00,1935.6175578333334
b1a1c4d9-30bb-4b40-814b-26f72ec485c1,2026-06-08 13:30:07+00:00,2026-06-09 22:40:58.053470+00:00,1990.8508911666665
b2179077-aea3-4be6-8dfc-1d382714c2a6,2026-06-08 15:43:05+00:00,2026-06-09 22:40:58.053470+00:00,1857.8842245
b21afe64-df6a-44ec-a757-6c764cb5990e,2026-06-08 14:06:40+00:00,2026-06-09 22:40:58.053470+00:00,1954.3008911666666
b223d6e5-e4d1-4f64-975d-842a646e0083,2026-06-08 20:02:41+00:00,2026-06-10 00:03:36.950572+00:00,1680.9325095333334
b236b64d-dec1-4f56-8932-068e25c3eece,2026-06-08 14:14:36+00:00,2026-06-09 22:40:58.053470+00:00,1946.3675578333334
b2a0f560-c3bd-461d-b2e5-1b293760d121,2026-06-08 19:37:17+00:00,2026-06-10 00:03:36.950572+00:00,1706.3325095333335
b2d2012b-f192-459d-a555-53da2e21c01a,2026-06-08 13:56:44+00:00,2026-06-09 22:40:58.053470+00:00,1964.2342245
b2d2a68b-c112-4bff-9854-c191eb6b11e1,2026-06-08 15:57:27+00:00,2026-06-09 22:40:58.053470+00:00,1843.5175578333333
b2ff1b6b-3f3a-4a1d-a87f-d065be72a49b,2026-06-08 20:44:20+00:00,2026-06-10 01:03:39.944905+00:00,1699.3324150833332
b32d8e48-d5ef-4c16-b9ba-eec6313c2f9f,2026-06-08 15:23:31+00:00,2026-06-09 22:40:58.053470+00:00,1877.4508911666667
b33cc10c-e5a9-41f0-a1df-3e6d64336f47,2026-06-08 13:10:04+00:00,2026-06-09 22:40:58.053470+00:00,2010.9008911666667
b3b649f5-bb2a-455b-83c0-87559786de64,2026-06-08 20:07:13+00:00,2026-06-10 01:03:39.944905+00:00,1736.44908175
b3f0636c-a0c2-4080-b4ea-79708c9440d0,2026-06-08 14:24:47+00:00,2026-06-09 22:40:58.053470+00:00,1936.1842245
b3f1ff72-ef9e-4bde-86c8-06dcb5924fc4,2026-06-08 14:07:28+00:00,2026-06-09 22:40:58.053470+00:00,1953.5008911666666
b437d007-8d37-42ef-ac9f-3dd38d0c58f2,2026-06-08 16:16:24+00:00,2026-06-09 22:40:58.053470+00:00,1824.5675578333332
b45945b6-ef88-4385-8050-f603c0ba8175,2026-06-08 13:07:26+00:00,2026-06-09 22:40:58.053470+00:00,2013.5342245
b498e348-10b4-4a13-9cc6-6fc9ed18751c,2026-06-08 14:13:26+00:00,2026-06-09 22:40:58.053470+00:00,1947.5342245
b4c5751f-205f-4229-aeef-2a6e759a105b,2026-06-08 15:02:20+00:00,2026-06-09 22:40:58.053470+00:00,1898.6342245
b4ed0bf0-a96d-4660-bc52-708ba724e21a,2026-06-08 15:36:29+00:00,2026-06-09 22:40:58.053470+00:00,1864.4842245
b505a7a8-896b-41bc-8b0c-4c09bf76ae29,2026-06-08 18:10:53+00:00,2026-06-09 22:40:58.053470+00:00,1710.0842245
b5411383-7458-4ed3-9d86-eb9f6427720d,2026-06-08 14:00:25+00:00,2026-06-09 22:40:58.053470+00:00,1960.5508911666666
b5b98c5f-f2cc-46f8-be37-b2b11c88e9b4,2026-06-08 13:15:09+00:00,2026-06-09 22:40:58.053470+00:00,2005.8175578333332
b5c5c1d1-8619-4ca6-bbab-c0498d15cb6b,2026-06-08 13:51:48+00:00,2026-06-09 22:40:58.053470+00:00,1969.1675578333334
b5e2188e-9973-404c-9bde-71f7a0501f6e,2026-06-08 17:49:39+00:00,2026-06-09 22:40:58.053470+00:00,1731.3175578333332
b6096821-fe6e-4b8e-bffe-b5bed964a645,2026-06-08 14:37:17+00:00,2026-06-09 22:40:58.053470+00:00,1923.6842245
b60f903e-db59-4d45-9845-18fd5f9686c2,2026-06-08 14:55:20+00:00,2026-06-09 22:40:58.053470+00:00,1905.6342245
b613876d-26c5-408e-975c-cb26fe68b8ae,2026-06-08 19:48:03+00:00,2026-06-10 00:03:36.950572+00:00,1695.5658428666668
b631cbc5-1edd-430d-bd8a-11191e40bf64,2026-06-08 14:35:28+00:00,2026-06-09 22:40:58.053470+00:00,1925.5008911666666
b6338fe5-380c-4a40-9e39-736ce1248c6e,2026-06-08 14:22:53+00:00,2026-06-09 22:40:58.053470+00:00,1938.0842245
b69bf0fb-b577-41b5-951b-36e613c25dd0,2026-06-08 13:02:28+00:00,2026-06-09 22:40:58.053470+00:00,2018.5008911666666
b6b19433-c27b-4dc5-a735-3862d6262bcd,2026-06-08 18:58:46+00:00,2026-06-09 23:03:39.587405+00:00,1684.8931234166666
b6b7121f-fc72-48f9-b484-509ace14d67e,2026-06-08 15:16:54+00:00,2026-06-09 22:40:58.053470+00:00,1884.0675578333332
b6cf9e44-4347-4788-988a-d4b8d4b6de9a,2026-06-08 13:18:30+00:00,2026-06-09 22:40:58.053470+00:00,2002.4675578333333
b725f881-7557-47bc-9724-fd71c3c590a3,2026-06-08 16:06:25+00:00,2026-06-09 22:40:58.053470+00:00,1834.5508911666666
b7e2e5bc-2831-4f22-81a2-f487758afb6d,2026-06-08 14:25:35+00:00,2026-06-09 22:40:58.053470+00:00,1935.3842245
b82244ee-0891-414b-a43b-35623057b8fb,2026-06-08 20:52:10+00:00,2026-06-10 01:03:39.944905+00:00,1691.49908175
b829ef33-3aad-4126-b6e7-5f03a9943d4a,2026-06-08 18:54:32+00:00,2026-06-09 23:03:39.587405+00:00,1689.12645675
b82d33a7-01d4-4096-9af3-8ec83f007bdd,2026-06-08 16:22:32+00:00,2026-06-09 22:40:58.053470+00:00,1818.4342245
b8388eaf-ba6a-4136-8a68-0f97623f290d,2026-06-08 17:35:54+00:00,2026-06-09 22:40:58.053470+00:00,1745.0675578333332
b89ead50-a634-42ec-994c-2e5049409b53,2026-06-08 16:51:34+00:00,2026-06-09 22:40:58.053470+00:00,1789.4008911666667
b8f0696b-f6de-4749-9e1c-450b2ffcb22b,2026-06-08 16:43:52+00:00,2026-06-09 22:40:58.053470+00:00,1797.1008911666665
b915d57f-2c03-4714-8de4-179b2c8d2959,2026-06-08 16:54:58+00:00,2026-06-09 22:40:58.053470+00:00,1786.0008911666666
b92a8d74-e42c-43c1-be20-a54e11ca4fbf,2026-06-08 20:30:49+00:00,2026-06-10 01:03:39.944905+00:00,1712.8490817499999
b92d9445-51d4-441f-ab4c-ba2fd507cef6,2026-06-08 17:07:05+00:00,2026-06-09 22:40:58.053470+00:00,1773.8842245
b96ce13b-289b-4c51-91e3-739c09950ca3,2026-06-08 17:38:25+00:00,2026-06-09 22:40:58.053470+00:00,1742.5508911666666
b98f97da-60dd-47c7-95ff-5def97966827,2026-06-08 13:23:33+00:00,2026-06-09 22:40:58.053470+00:00,1997.4175578333334
b9ad52db-dde6-40ba-a7f4-fac8c837a04f,2026-06-08 15:09:06+00:00,2026-06-09 22:40:58.053470+00:00,1891.8675578333334
ba0a7440-817b-41ad-b70a-e457f301bf95,2026-06-08 14:08:39+00:00,2026-06-09 22:40:58.053470+00:00,1952.3175578333332
baa0ad40-02dc-4de9-8367-4aa05255f5f0,2026-06-08 15:07:09+00:00,2026-06-09 22:40:58.053470+00:00,1893.8175578333332
bae1bce5-f3a5-4df7-a800-2ad82b3393a1,2026-06-08 20:47:20+00:00,2026-06-10 01:03:39.944905+00:00,1696.3324150833332
baf214c9-cc36-4ff2-9f45-86fce6914c01,2026-06-08 15:28:38+00:00,2026-06-09 22:40:58.053470+00:00,1872.3342245
bafe9f8f-d25d-46c1-9e36-b467a1c7078c,2026-06-08 13:48:31+00:00,2026-06-09 22:40:58.053470+00:00,1972.4508911666667
bb378928-ddf8-4ad1-b5a1-ad7c727fa0ce,2026-06-08 14:47:26+00:00,2026-06-09 22:40:58.053470+00:00,1913.5342245
bb3a59e5-8236-4797-984c-14e2e725c52d,2026-06-08 14:37:42+00:00,2026-06-09 22:40:58.053470+00:00,1923.2675578333333
bb47a501-341d-4416-a354-ee6edeb8e9c9,2026-06-08 13:38:59+00:00,2026-06-09 22:40:58.053470+00:00,1981.9842245
bb834633-6dbd-4c52-979a-5ca45c81ce4b,2026-06-08 14:54:57+00:00,2026-06-09 22:40:58.053470+00:00,1906.0175578333333
bb9dfe84-1f58-4938-9cf4-822f8a687125,2026-06-08 13:09:14+00:00,2026-06-09 22:40:58.053470+00:00,2011.7342245
bbcf9f8b-4e43-4a3a-a1c3-9a1b06205703,2026-06-08 15:32:44+00:00,2026-06-09 22:40:58.053470+00:00,1868.2342245
bc13a6e6-4830-49f6-9d46-b27899875e78,2026-06-08 13:59:13+00:00,2026-06-09 22:40:58.053470+00:00,1961.7508911666666
bc605be3-097b-4a66-a6e7-e42193f80927,2026-06-08 15:12:36+00:00,2026-06-09 22:40:58.053470+00:00,1888.3675578333334
bc653ad1-ee92-4be1-849c-0fdfb28dbb18,2026-06-08 13:13:14+00:00,2026-06-09 22:40:58.053470+00:00,2007.7342245
bc77be9d-71da-434b-940a-b52c87a6203b,2026-06-08 20:55:55+00:00,2026-06-10 01:03:39.944905+00:00,1687.74908175
bc818c72-cdec-4ccc-887b-6016c60b8653,2026-06-08 20:22:25+00:00,2026-06-10 01:03:39.944905+00:00,1721.24908175
bc88e21c-7746-4c23-88ce-7bc45b5d6917,2026-06-08 15:29:23+00:00,2026-06-09 22:40:58.053470+00:00,1871.5842245
bcebddfe-7e8e-4c5e-a14c-9756a004fcfe,2026-06-08 20:03:50+00:00,2026-06-10 01:03:39.944905+00:00,1739.8324150833332
bdb025c5-5c85-41eb-9905-ae503d14d1c7,2026-06-08 13:22:19+00:00,2026-06-09 22:40:58.053470+00:00,1998.6508911666667
bdda8d4f-5427-462d-bb71-09da3e26dc45,2026-06-08 15:39:33+00:00,2026-06-09 22:40:58.053470+00:00,1861.4175578333334
be2f7bd0-f381-49e9-8027-f2f01c65a4b7,2026-06-08 13:39:14+00:00,2026-06-09 22:40:58.053470+00:00,1981.7342245
be341476-183b-4618-add8-f0957fd760a2,2026-06-08 13:05:59+00:00,2026-06-09 22:40:58.053470+00:00,2014.9842245
be9e5ef7-3dbd-486c-9738-e7e51d9d57a9,2026-06-08 13:38:02+00:00,2026-06-09 22:40:58.053470+00:00,1982.9342245
bedcf10a-ebc1-497c-ac09-329b8ed9655d,2026-06-08 13:06:31+00:00,2026-06-09 22:40:58.053470+00:00,2014.4508911666667
bf33d2f9-8d8f-4b02-8d67-ce490c1bef90,2026-06-08 14:08:01+00:00,2026-06-09 22:40:58.053470+00:00,1952.9508911666667
bfb40bf3-5962-4809-9bb8-25ff63c0946b,2026-06-08 15:25:09+00:00,2026-06-09 22:40:58.053470+00:00,1875.8175578333332
bfed30a1-5054-493d-9789-c351d2aec7b4,2026-06-08 13:04:58+00:00,2026-06-09 22:40:58.053470+00:00,2016.0008911666666
c031e16a-384f-4632-941f-ad88e93972db,2026-06-08 16:00:21+00:00,2026-06-09 22:40:58.053470+00:00,1840.6175578333334
c094b568-31a2-463b-a73c-31ea80690ecc,2026-06-08 19:13:45+00:00,2026-06-09 23:33:34.443759+00:00,1699.82406265
c0a7b766-4850-43c0-bddb-c3641bf8a138,2026-06-08 14:41:11+00:00,2026-06-09 22:40:58.053470+00:00,1919.7842245
c0c10fe1-9fa4-4386-8eea-fa03f5acdffe,2026-06-08 14:21:20+00:00,2026-06-09 22:40:58.053470+00:00,1939.6342245
c103b537-dbcf-4cee-b60d-a1af5718f082,2026-06-08 20:28:41+00:00,2026-06-10 01:03:39.944905+00:00,1714.9824150833333
c1909990-473a-4495-90a5-b81d7d8ae783,2026-06-08 20:19:24+00:00,2026-06-10 01:03:39.944905+00:00,1724.2657484166666
c1f52824-8e2c-42e8-9f53-a39c4ece3cad,2026-06-08 15:06:14+00:00,2026-06-09 22:40:58.053470+00:00,1894.7342245
c200905d-074d-4355-845a-fb70324b49ac,2026-06-08 13:04:17+00:00,2026-06-09 22:40:58.053470+00:00,2016.6842245
c2022fa1-e5ee-4d1e-b084-61caaa325087,2026-06-08 16:13:21+00:00,2026-06-09 22:40:58.053470+00:00,1827.6175578333334
c22d5b6b-cddc-4eae-81cb-8a532804cffc,2026-06-08 20:06:12+00:00,2026-06-10 01:03:39.944905+00:00,1737.4657484166667
c256393f-5050-476f-bc60-91ed73cc9a77,2026-06-08 15:48:56+00:00,2026-06-09 22:40:58.053470+00:00,1852.0342245
c286f704-749a-4262-8c3d-a5604a433bee,2026-06-08 14:42:24+00:00,2026-06-09 22:40:58.053470+00:00,1918.5675578333332
c289616b-26ca-446c-a4a3-ceeec19f9b91,2026-06-08 18:05:35+00:00,2026-06-09 22:40:58.053470+00:00,1715.3842245
c377f32e-d022-4445-a607-2f1a0fe45bc2,2026-06-08 14:04:04+00:00,2026-06-09 22:40:58.053470+00:00,1956.9008911666667
c38a8435-2742-41ff-9d26-986d71b79e6a,2026-06-08 14:30:29+00:00,2026-06-09 22:40:58.053470+00:00,1930.4842245
c3c7029e-8c5b-4c6b-aba5-0364b26159bd,2026-06-08 16:02:22+00:00,2026-06-09 22:40:58.053470+00:00,1838.6008911666665
c3d3232e-07e0-43a7-b407-4b4423f3ab13,2026-06-08 13:51:40+00:00,2026-06-09 22:40:58.053470+00:00,1969.3008911666666
c3e462a8-7143-436e-9a5f-1a9eff2316fd,2026-06-08 13:51:15+00:00,2026-06-09 22:40:58.053470+00:00,1969.7175578333333
c43fd3c8-32db-4ade-bd26-cbcd63df4998,2026-06-08 20:56:59+00:00,2026-06-10 01:03:39.944905+00:00,1686.6824150833334
c44b8bae-af1f-4430-b87d-35cf566c35d5,2026-06-08 14:24:38+00:00,2026-06-09 22:40:58.053470+00:00,1936.3342245
c49d0fef-bc75-4054-ad22-f4018d53ea44,2026-06-08 13:10:53+00:00,2026-06-09 22:40:58.053470+00:00,2010.0842245
c4a3f76e-f8cb-44fb-ac7a-6f4fc383fd6f,2026-06-08 18:40:49+00:00,2026-06-09 22:40:58.053470+00:00,1680.1508911666667
c4efcc25-8be5-4610-843a-feaebe659103,2026-06-08 15:53:22+00:00,2026-06-09 22:40:58.053470+00:00,1847.6008911666665
c5213ba1-6632-4088-aaa7-1826fb03ef32,2026-06-08 14:09:36+00:00,2026-06-09 22:40:58.053470+00:00,1951.3675578333334
c52d8d63-094c-4130-98c1-25e4fb7a072e,2026-06-08 15:03:41+00:00,2026-06-09 22:40:58.053470+00:00,1897.2842245
c5359721-562a-408b-b48b-b6112a736518,2026-06-08 14:29:35+00:00,2026-06-09 22:40:58.053470+00:00,1931.3842245
c5402f29-c52e-42b0-a161-c0d616f47811,2026-06-08 13:07:50+00:00,2026-06-09 22:40:58.053470+00:00,2013.1342245
c5a9e758-d3a4-40f8-a8a0-fa0afa1f22c1,2026-06-08 14:46:22+00:00,2026-06-09 22:40:58.053470+00:00,1914.6008911666665
c5d0de9d-72fc-4d87-901b-9e89c671e61a,2026-06-08 14:53:32+00:00,2026-06-09 22:40:58.053470+00:00,1907.4342245
c5d5dbb6-dbe9-4168-8c99-f276d4c73471,2026-06-08 14:50:32+00:00,2026-06-09 22:40:58.053470+00:00,1910.4342245
c6581421-993b-4a30-a75b-a994ba496a9e,2026-06-08 17:22:18+00:00,2026-06-09 22:40:58.053470+00:00,1758.6675578333334
c67229a0-b8b8-44da-b62f-eca88d3351b3,2026-06-08 13:15:19+00:00,2026-06-09 22:40:58.053470+00:00,2005.6508911666667
c6e924bd-76ad-4be2-bb2c-a456e5085440,2026-06-08 13:39:07+00:00,2026-06-09 22:40:58.053470+00:00,1981.8508911666665
c72e66ff-5aa2-43fc-a1ff-b1c4d332f3b9,2026-06-08 19:55:56+00:00,2026-06-10 00:03:36.950572+00:00,1687.6825095333334
c76e7fb1-2aa5-47f4-aaa8-d4a288ebfdc0,2026-06-08 17:19:24+00:00,2026-06-09 22:40:58.053470+00:00,1761.5675578333332
c7d3c88b-daac-4d9e-a51c-7b93b12ce316,2026-06-08 14:47:51+00:00,2026-06-09 22:40:58.053470+00:00,1913.1175578333334
c845a6d1-e064-4a81-873b-a7c3398633d5,2026-06-08 14:19:43+00:00,2026-06-09 22:40:58.053470+00:00,1941.2508911666666
c85aaf85-ce55-48c3-9f0c-55861eec8d76,2026-06-08 16:49:37+00:00,2026-06-09 22:40:58.053470+00:00,1791.3508911666665
c866baba-86a7-4276-b691-1022540ba160,2026-06-08 20:22:27+00:00,2026-06-10 01:03:39.944905+00:00,1721.2157484166667
c8c75032-77e9-477a-a288-27e977e6ece6,2026-06-08 16:33:22+00:00,2026-06-09 22:40:58.053470+00:00,1807.6008911666665
c8cafeb2-2fc1-4b4e-b129-3e5d7a26d1e3,2026-06-08 20:08:23+00:00,2026-06-10 01:03:39.944905+00:00,1735.2824150833333
c8daa07d-4995-4b29-bb9c-130d5ce07445,2026-06-08 17:37:34+00:00,2026-06-09 22:40:58.053470+00:00,1743.4008911666667
c8decf3d-1775-4933-a714-6072a1755784,2026-06-08 13:34:41+00:00,2026-06-09 22:40:58.053470+00:00,1986.2842245
c930ad00-5ff7-4a75-83f8-46bfba765ab0,2026-06-08 14:45:29+00:00,2026-06-09 22:40:58.053470+00:00,1915.4842245
c966ec78-70ed-49bd-a359-36bbbd384104,2026-06-08 17:40:36+00:00,2026-06-09 22:40:58.053470+00:00,1740.3675578333334
c9a578cf-6327-4b08-b4ee-70463528289d,2026-06-08 15:41:31+00:00,2026-06-09 22:40:58.053470+00:00,1859.4508911666667
c9b12fd3-1bb1-4c3e-a5f7-7e26d60c6e41,2026-06-08 19:09:17+00:00,2026-06-09 23:33:34.443759+00:00,1704.2907293166668
c9c0f10e-6bcf-419c-827e-9d670e5c9f24,2026-06-08 14:38:57+00:00,2026-06-09 22:40:58.053470+00:00,1922.0175578333333
ca265275-eeab-4dd4-afe1-9a287b59395f,2026-06-08 17:17:42+00:00,2026-06-09 22:40:58.053470+00:00,1763.2675578333333
cb39dc6c-606c-45eb-a987-a12db953e7f8,2026-06-08 13:21:40+00:00,2026-06-09 22:40:58.053470+00:00,1999.3008911666666
cb50265f-8c8a-415e-9889-2627826156b3,2026-06-08 17:18:46+00:00,2026-06-09 22:40:58.053470+00:00,1762.2008911666667
cc0cebc5-e603-4a55-8457-013001f98c13,2026-06-08 13:02:19+00:00,2026-06-09 22:40:58.053470+00:00,2018.6508911666667
cc4ec531-2cb3-4af5-94ae-a9efb93dbd4b,2026-06-08 13:05:26+00:00,2026-06-09 22:40:58.053470+00:00,2015.5342245
cc593997-69d5-4151-9f6d-82674adda5dd,2026-06-08 19:42:02+00:00,2026-06-10 00:03:36.950572+00:00,1701.5825095333335
cc67f0d7-0858-4a2b-8a20-19ab80f85d52,2026-06-08 20:33:31+00:00,2026-06-10 01:03:39.944905+00:00,1710.14908175
ccafb07d-ab6e-401a-83ff-a71f85e673a1,2026-06-08 13:55:38+00:00,2026-06-09 22:40:58.053470+00:00,1965.3342245
ccdb99e9-8454-475b-8094-a180b36c81b5,2026-06-08 18:38:45+00:00,2026-06-09 22:40:58.053470+00:00,1682.2175578333333
cd3450ec-c8d5-4fba-9bfa-63df4c809092,2026-06-08 16:54:12+00:00,2026-06-09 22:40:58.053470+00:00,1786.7675578333333
cd3edaf9-9a22-4680-a04c-d78310df3e08,2026-06-08 20:44:15+00:00,2026-06-10 01:03:39.944905+00:00,1699.4157484166667
cd420d24-d9ca-4304-b1d3-0ccc7bbd660c,2026-06-08 15:57:37+00:00,2026-06-09 22:40:58.053470+00:00,1843.3508911666665
cd98c375-33fb-4011-af1a-3a5d7d69d942,2026-06-08 17:57:06+00:00,2026-06-09 22:40:58.053470+00:00,1723.8675578333334
cdaf3028-e438-4bbf-9d45-c7f2f6c3224b,2026-06-08 14:36:25+00:00,2026-06-09 22:40:58.053470+00:00,1924.5508911666666
cddfc2b8-9144-4316-bc58-a91ec7f60376,2026-06-08 13:28:32+00:00,2026-06-09 22:40:58.053470+00:00,1992.4342245
cdf35b6a-e634-4269-ad4e-372129197002,2026-06-08 13:18:30+00:00,2026-06-09 22:40:58.053470+00:00,2002.4675578333333
cdf4c9f4-efbf-4114-9339-448a698d4049,2026-06-08 14:13:51+00:00,2026-06-09 22:40:58.053470+00:00,1947.1175578333334
ce109936-634c-4c8c-95bb-71f4dcdae09d,2026-06-08 19:59:19+00:00,2026-06-10 00:03:36.950572+00:00,1684.2991762
ce72bcd1-8368-4d88-ba3d-faf9b2377de9,2026-06-08 17:50:56+00:00,2026-06-09 22:40:58.053470+00:00,1730.0342245
ce72edd8-c61c-471f-99e3-e64b62cd6758,2026-06-08 14:11:33+00:00,2026-06-09 22:40:58.053470+00:00,1949.4175578333334
cea9e54c-1498-4545-98a5-ca982f5d8bad,2026-06-08 14:14:34+00:00,2026-06-09 22:40:58.053470+00:00,1946.4008911666667
ced14151-8ffa-4964-8f77-13035bc424a2,2026-06-08 14:50:23+00:00,2026-06-09 22:40:58.053470+00:00,1910.5842245
cf1e5c8b-f485-4dab-aa24-4f46fab83fbb,2026-06-08 19:41:09+00:00,2026-06-10 00:03:36.950572+00:00,1702.4658428666667
cf35b23a-a24b-4bdf-81de-456e4ae6ec94,2026-06-08 13:42:28+00:00,2026-06-09 22:40:58.053470+00:00,1978.5008911666666
cf7f7b41-3d84-4e40-a929-b8a04a450b6b,2026-06-08 17:13:37+00:00,2026-06-09 22:40:58.053470+00:00,1767.3508911666665
d02b29c9-3bbe-4ce6-8ead-1ce4683ef657,2026-06-08 13:36:28+00:00,2026-06-09 22:40:58.053470+00:00,1984.5008911666666
d0832374-35e8-4a1b-9af9-77e472e20adc,2026-06-08 20:18:05+00:00,2026-06-10 01:03:39.944905+00:00,1725.5824150833332
d0bd6356-0781-41de-a1a5-a8c4d803492b,2026-06-08 16:47:03+00:00,2026-06-09 22:40:58.053470+00:00,1793.9175578333334
d0c57faf-a9e8-483d-a3bb-0272b963eb98,2026-06-08 19:27:53+00:00,2026-06-09 23:33:34.443759+00:00,1685.6907293166666
d0d3aba7-3dce-416b-957f-ea3dafcede31,2026-06-08 14:33:42+00:00,2026-06-09 22:40:58.053470+00:00,1927.2675578333333
d0d928f8-a4af-490e-8dcd-08ad1ab515c9,2026-06-08 20:56:22+00:00,2026-06-10 01:03:39.944905+00:00,1687.29908175
d0e05d4f-03a5-4ecb-a78a-be5c208ec486,2026-06-08 20:52:01+00:00,2026-06-10 01:03:39.944905+00:00,1691.64908175
d125cf1c-d3a7-4f2a-9090-138c1ea2c943,2026-06-08 16:33:59+00:00,2026-06-09 22:40:58.053470+00:00,1806.9842245
d131fb76-4e87-4b98-82a5-8423da1b1404,2026-06-08 13:49:44+00:00,2026-06-09 22:40:58.053470+00:00,1971.2342245
d1dbd10b-88d2-4993-a427-e018a92522c1,2026-06-08 15:22:09+00:00,2026-06-09 22:40:58.053470+00:00,1878.8175578333332
d1ebdfe5-18b4-4aab-ae73-91cfa362c87d,2026-06-08 13:51:28+00:00,2026-06-09 22:40:58.053470+00:00,1969.5008911666666
d1f60e48-5c0c-431a-aaa7-31b67fe11a21,2026-06-08 14:44:21+00:00,2026-06-09 22:40:58.053470+00:00,1916.6175578333334
d2093e60-17bd-4d30-b92b-b9d91113fb24,2026-06-08 14:03:51+00:00,2026-06-09 22:40:58.053470+00:00,1957.1175578333334
d218bdc6-976d-4884-bf7d-c9d65cddca9e,2026-06-08 19:13:34+00:00,2026-06-09 23:33:34.443759+00:00,1700.0073959833333
d2525075-b6b2-4140-aafa-9c43d16bb286,2026-06-08 16:14:19+00:00,2026-06-09 22:40:58.053470+00:00,1826.6508911666667
d2653097-8bf5-4d40-b328-2e7948923450,2026-06-08 15:12:30+00:00,2026-06-09 22:40:58.053470+00:00,1888.4675578333333
d3280c08-c927-4872-85bf-9c5b92d07bd1,2026-06-08 13:39:32+00:00,2026-06-09 22:40:58.053470+00:00,1981.4342245
d36a54be-583c-438b-9ca0-e6bfa9428c2a,2026-06-08 20:03:14+00:00,2026-06-10 00:03:36.950572+00:00,1680.3825095333334
d3a84b7f-56b2-40cf-8566-874957720a9c,2026-06-08 13:13:56+00:00,2026-06-09 22:40:58.053470+00:00,2007.0342245
d3ecf437-350e-4255-a6c9-4741862dc6ec,2026-06-08 14:00:37+00:00,2026-06-09 22:40:58.053470+00:00,1960.3508911666665
d410c678-6c8f-4664-a5e6-2426aa73cc14,2026-06-08 13:44:42+00:00,2026-06-09 22:40:58.053470+00:00,1976.2675578333333
d44b2dc7-b792-4cca-b793-15cfca047b95,2026-06-08 20:55:34+00:00,2026-06-10 01:03:39.944905+00:00,1688.0990817499999
d47f3763-6ca1-49ce-8c48-8e72270f1ea9,2026-06-08 18:39:58+00:00,2026-06-09 22:40:58.053470+00:00,1681.0008911666666
d490c9c7-7f01-4d41-9e3d-4e8f4afbd365,2026-06-08 15:04:32+00:00,2026-06-09 22:40:58.053470+00:00,1896.4342245
d495fda9-c38c-4e87-80e5-694bd6544c14,2026-06-08 16:04:23+00:00,2026-06-09 22:40:58.053470+00:00,1836.5842245
d4aa8644-a273-44f2-a0b0-a321a6ab3598,2026-06-08 14:47:45+00:00,2026-06-09 22:40:58.053470+00:00,1913.2175578333333
d52ce8a2-9284-4e41-9342-27c36970f3b9,2026-06-08 21:03:10+00:00,2026-06-10 01:03:39.944905+00:00,1680.49908175
d599c920-8344-4505-801d-06d428f637cb,2026-06-08 15:05:58+00:00,2026-06-09 22:40:58.053470+00:00,1895.0008911666666
d5b459a6-df88-4a8c-aef2-0a770869a896,2026-06-08 14:17:59+00:00,2026-06-09 22:40:58.053470+00:00,1942.9842245
d5c7e12c-c823-428f-8268-8790ed73c320,2026-06-08 13:00:52+00:00,2026-06-09 22:40:58.053470+00:00,2020.1008911666665
d61ff5be-9a87-4864-b9a9-3f26e69c499b,2026-06-08 14:51:57+00:00,2026-06-09 22:40:58.053470+00:00,1909.0175578333333
d6661699-bcb7-4870-b8e9-cb5c4039eb0b,2026-06-08 13:34:49+00:00,2026-06-09 22:40:58.053470+00:00,1986.1508911666667
d729a289-974f-402c-994e-1abad96006f1,2026-06-08 14:08:50+00:00,2026-06-09 22:40:58.053470+00:00,1952.1342245
d79292c4-9c1f-4004-ac24-5db1fa6e7386,2026-06-08 16:43:39+00:00,2026-06-09 22:40:58.053470+00:00,1797.3175578333332
d794c74b-2d35-423a-8c75-ea55150b81da,2026-06-08 20:54:41+00:00,2026-06-10 01:03:39.944905+00:00,1688.9824150833333
d7961ef2-a24d-4c20-b664-2e92dd63e91f,2026-06-08 20:19:11+00:00,2026-06-10 01:03:39.944905+00:00,1724.4824150833333
d7ccbbce-acb2-4541-8a59-af3a7e520c88,2026-06-08 14:03:48+00:00,2026-06-09 22:40:58.053470+00:00,1957.1675578333334
d8118b4c-3369-4030-9770-ce14bcb34bfc,2026-06-08 16:52:22+00:00,2026-06-09 22:40:58.053470+00:00,1788.6008911666665
d817efef-3601-4c7c-8c21-f32b3f9b6ddd,2026-06-08 13:10:25+00:00,2026-06-09 22:40:58.053470+00:00,2010.5508911666666
d868ffdd-b585-4ed8-addf-33d8ccf01696,2026-06-08 13:18:19+00:00,2026-06-09 22:40:58.053470+00:00,2002.6508911666667
d86faf7d-962f-4d72-b7d1-393ee303bb4f,2026-06-08 18:33:50+00:00,2026-06-09 22:40:58.053470+00:00,1687.1342245
d894a43e-36c0-4197-91b8-e7e402f44d51,2026-06-08 17:59:43+00:00,2026-06-09 22:40:58.053470+00:00,1721.2508911666666
d8c40eb8-1bc0-4623-9c45-39c319e815f1,2026-06-08 18:45:29+00:00,2026-06-09 22:48:37.303557+00:00,1683.1383926166668
d8cb51d1-f606-46c5-a395-919115dfc137,2026-06-08 18:59:17+00:00,2026-06-09 23:03:39.587405+00:00,1684.37645675
d8dd2ba7-8301-4b37-956f-1826bc718e99,2026-06-08 13:55:03+00:00,2026-06-09 22:40:58.053470+00:00,1965.9175578333334
d8f17582-56b3-4753-93e3-acfb5bd3af5a,2026-06-08 20:51:11+00:00,2026-06-10 01:03:39.944905+00:00,1692.4824150833333
d8fd9303-3437-40c4-8bee-86568de89864,2026-06-08 13:22:05+00:00,2026-06-09 22:40:58.053470+00:00,1998.8842245
d980b5f7-1f4b-408d-8e61-e8fb851d285d,2026-06-08 13:49:16+00:00,2026-06-09 22:40:58.053470+00:00,1971.7008911666667
d9aecb53-5001-4f44-acac-83f2209af0d7,2026-06-08 18:53:45+00:00,2026-06-09 23:03:39.587405+00:00,1689.9097900833333
d9bc3923-4735-4a80-9395-a098d6937271,2026-06-08 17:46:51+00:00,2026-06-09 22:40:58.053470+00:00,1734.1175578333334
d9ff6ad3-b02a-493a-9b0c-ee0363d6ad38,2026-06-08 15:09:05+00:00,2026-06-09 22:40:58.053470+00:00,1891.8842245
da139057-d6bc-448c-a427-89d5d5117124,2026-06-08 15:06:41+00:00,2026-06-09 22:40:58.053470+00:00,1894.2842245
da8c135d-2384-47e5-a034-322b3b562b2a,2026-06-08 14:44:55+00:00,2026-06-09 22:40:58.053470+00:00,1916.0508911666666
daca6296-ac47-433b-8c14-a5641b98320b,2026-06-08 13:11:40+00:00,2026-06-09 22:40:58.053470+00:00,2009.3008911666666
dae30941-3490-4d1c-9d2f-01285a658f84,2026-06-08 14:08:01+00:00,2026-06-09 22:40:58.053470+00:00,1952.9508911666667
daf94d6c-1e98-4a64-b59e-768a39a9c69b,2026-06-08 13:36:44+00:00,2026-06-09 22:40:58.053470+00:00,1984.2342245
dafa7a3c-875e-46fb-850e-edffd4c377c6,2026-06-08 13:23:22+00:00,2026-06-09 22:40:58.053470+00:00,1997.6008911666665
db31d096-840d-4082-96d5-21b29aa91de3,2026-06-08 13:24:54+00:00,2026-06-09 22:40:58.053470+00:00,1996.0675578333332
db5972aa-e4b0-4914-b205-4737d7c851d8,2026-06-08 13:19:25+00:00,2026-06-09 22:40:58.053470+00:00,2001.5508911666666
db6b1aa6-0c2a-4b39-959b-713a63c965d1,2026-06-08 13:08:14+00:00,2026-06-09 22:40:58.053470+00:00,2012.7342245
db6ecfd8-8282-46ae-9c0e-2403ff734bfb,2026-06-08 13:25:45+00:00,2026-06-09 22:40:58.053470+00:00,1995.2175578333333
db89e195-c6fb-4036-8b6c-b4ba9794c6f4,2026-06-08 20:55:04+00:00,2026-06-10 01:03:39.944905+00:00,1688.5990817499999
dbb71cc8-f666-409d-98e2-1655c38b83fe,2026-06-08 16:57:46+00:00,2026-06-09 22:40:58.053470+00:00,1783.2008911666667
dbd02656-a3b2-49bb-9743-659c38874003,2026-06-08 20:59:49+00:00,2026-06-10 01:03:39.944905+00:00,1683.8490817499999
dbdd8211-fb41-41f6-98bc-eb082927376b,2026-06-08 13:54:18+00:00,2026-06-09 22:40:58.053470+00:00,1966.6675578333334
dbfc0e43-b09d-4bd9-becb-1f1f740fb978,2026-06-08 14:03:32+00:00,2026-06-09 22:40:58.053470+00:00,1957.4342245
dc2567e4-ef2a-4517-b6f6-f8f1023ceba7,2026-06-08 19:18:32+00:00,2026-06-09 23:33:34.443759+00:00,1695.0407293166668
dc355603-3893-48ea-a37c-af7c1d227352,2026-06-08 13:34:38+00:00,2026-06-09 22:40:58.053470+00:00,1986.3342245
dcb667e1-5612-45f3-a150-93781fb7febe,2026-06-08 15:16:52+00:00,2026-06-09 22:40:58.053470+00:00,1884.1008911666665
dcca8765-6d5e-488c-b464-182a4020e806,2026-06-08 20:07:33+00:00,2026-06-10 01:03:39.944905+00:00,1736.1157484166665
dcffc543-1369-49d7-b28b-08127fd41992,2026-06-08 15:43:21+00:00,2026-06-09 22:40:58.053470+00:00,1857.6175578333334
dd912ddd-66f4-48b2-ae8d-7919787b6f50,2026-06-08 13:24:05+00:00,2026-06-09 22:40:58.053470+00:00,1996.8842245
ddb523ec-05c8-4d3c-8ae7-e3c7b23e9376,2026-06-08 19:40:37+00:00,2026-06-10 00:03:36.950572+00:00,1702.9991762
de061a6b-ccdb-4fab-aeb2-b5296565cdbe,2026-06-08 15:20:59+00:00,2026-06-09 22:40:58.053470+00:00,1879.9842245
de139e7c-d430-48ad-833d-bd5e4bf80ebb,2026-06-08 17:45:33+00:00,2026-06-09 22:40:58.053470+00:00,1735.4175578333334
de3f28a0-5f64-46eb-9b77-0471982b8b07,2026-06-08 13:07:51+00:00,2026-06-09 22:40:58.053470+00:00,2013.1175578333334
de6028b4-57e9-46f7-a9be-2692dd1e7ed5,2026-06-08 15:55:55+00:00,2026-06-09 22:40:58.053470+00:00,1845.0508911666666
df26e676-a1ab-4fea-be6b-bdbac3d8ff80,2026-06-08 13:39:24+00:00,2026-06-09 22:40:58.053470+00:00,1981.5675578333332
df93e7a9-3a84-4c41-b65a-25dcb54624c3,2026-06-08 14:56:36+00:00,2026-06-09 22:40:58.053470+00:00,1904.3675578333334
dfb0ea8a-85d0-4905-a868-fde527ceb89c,2026-06-08 16:06:02+00:00,2026-06-09 22:40:58.053470+00:00,1834.9342245
dfc33739-3596-47ed-a0ad-e3cf189818cf,2026-06-08 13:36:29+00:00,2026-06-09 22:40:58.053470+00:00,1984.4842245
e0b510b3-b6f2-483d-8169-d812491fcfc4,2026-06-08 17:51:50+00:00,2026-06-09 22:40:58.053470+00:00,1729.1342245
e0c18265-20e1-4884-a605-ee4706fbd615,2026-06-08 15:02:37+00:00,2026-06-09 22:40:58.053470+00:00,1898.3508911666665
e0f76ac5-d44d-4cdd-a020-6462ccf7c9fc,2026-06-08 16:03:17+00:00,2026-06-09 22:40:58.053470+00:00,1837.6842245
e1f0b9f0-fece-4d7b-aae0-228a0152736f,2026-06-08 19:17:18+00:00,2026-06-09 23:33:34.443759+00:00,1696.2740626500001
e22b9ae3-dec8-4190-a7bc-6227223f5eda,2026-06-08 13:52:49+00:00,2026-06-09 22:40:58.053470+00:00,1968.1508911666667
e23d4b36-6cd1-4495-9bf7-8a5550c4202f,2026-06-08 15:22:24+00:00,2026-06-09 22:40:58.053470+00:00,1878.5675578333332
e26c8b85-a10d-4728-bb24-f39a6cf92147,2026-06-08 13:07:29+00:00,2026-06-09 22:40:58.053470+00:00,2013.4842245
e2836825-5f71-4b30-8d77-f4079f6b935d,2026-06-08 15:17:31+00:00,2026-06-09 22:40:58.053470+00:00,1883.4508911666667
e35d2d2b-f476-4c7e-b953-66e0e9c874de,2026-06-08 14:24:25+00:00,2026-06-09 22:40:58.053470+00:00,1936.5508911666666
e37c6a5b-57ac-414b-b985-a6f0bdfc802f,2026-06-08 13:48:41+00:00,2026-06-09 22:40:58.053470+00:00,1972.2842245
e3ba127f-ef26-4462-82f9-159c45939582,2026-06-08 20:41:36+00:00,2026-06-10 01:03:39.944905+00:00,1702.0657484166666
e44163c1-f2f1-4daa-85ee-07c99d32ab92,2026-06-08 15:08:06+00:00,2026-06-09 22:40:58.053470+00:00,1892.8675578333334
e441d7cc-3fe8-4879-bf65-659a4185155e,2026-06-08 14:02:53+00:00,2026-06-09 22:40:58.053470+00:00,1958.0842245
e46b0890-e790-4782-9927-6810a89e0c21,2026-06-08 16:33:15+00:00,2026-06-09 22:40:58.053470+00:00,1807.7175578333333
e48fad0a-d9b0-453a-9ee1-2862be36f0b8,2026-06-08 19:15:11+00:00,2026-06-09 23:33:34.443759+00:00,1698.3907293166667
e49ae2d3-c6da-4127-9d5e-d5b9473bcf57,2026-06-08 16:40:08+00:00,2026-06-09 22:40:58.053470+00:00,1800.8342245
e4def2a0-565f-4be4-9a74-5a34025fdd32,2026-06-08 19:06:56+00:00,2026-06-09 23:33:34.443759+00:00,1706.6407293166667
e522a323-5b8a-414e-a65a-0628cde0f776,2026-06-08 13:16:14+00:00,2026-06-09 22:40:58.053470+00:00,2004.7342245
e5494c7a-5f19-4a99-986e-a90b83c2b064,2026-06-08 13:42:09+00:00,2026-06-09 22:40:58.053470+00:00,1978.8175578333332
e54cbd24-fff3-455b-a12d-4731de4f7871,2026-06-08 14:20:24+00:00,2026-06-09 22:40:58.053470+00:00,1940.5675578333332
e564a39e-a47a-4e0a-9380-d10e98bf790e,2026-06-08 14:22:04+00:00,2026-06-09 22:40:58.053470+00:00,1938.9008911666667
e5dcbb9e-6a73-42f0-b43c-e42310fd9d95,2026-06-08 16:54:54+00:00,2026-06-09 22:40:58.053470+00:00,1786.0675578333332
e63c3c91-148d-4bf0-bf25-87238c9b5079,2026-06-08 13:11:42+00:00,2026-06-09 22:40:58.053470+00:00,2009.2675578333333
e66d15c5-8e34-49ec-96ff-0c43a9caa0a3,2026-06-08 15:11:06+00:00,2026-06-09 22:40:58.053470+00:00,1889.8675578333334
e68054f4-81d1-4ea3-9014-2e47e89e4f81,2026-06-08 13:52:26+00:00,2026-06-09 22:40:58.053470+00:00,1968.5342245
e68911a3-7ca0-452c-9dfc-ec4fdc2db25e,2026-06-08 14:24:03+00:00,2026-06-09 22:40:58.053470+00:00,1936.9175578333334
e6bdeda0-9172-4c99-97e5-16ce173fc3f7,2026-06-08 14:32:02+00:00,2026-06-09 22:40:58.053470+00:00,1928.9342245
e6c5e489-4314-4ee2-a417-837b6e0a2555,2026-06-08 15:41:08+00:00,2026-06-09 22:40:58.053470+00:00,1859.8342245
e6f2bbea-0b6d-47c8-a834-be5f6149331d,2026-06-08 13:28:46+00:00,2026-06-09 22:40:58.053470+00:00,1992.2008911666667
e7066a9d-85af-4b9e-b9bf-c485d494c0e6,2026-06-08 17:33:31+00:00,2026-06-09 22:40:58.053470+00:00,1747.4508911666667
e707ad1c-c682-4f0e-82d0-4202a804e2d2,2026-06-08 17:12:00+00:00,2026-06-09 22:40:58.053470+00:00,1768.9675578333333
e71b7261-6918-4351-9ccf-825570638870,2026-06-08 20:49:10+00:00,2026-06-10 01:03:39.944905+00:00,1694.49908175
e76fdfe7-aa94-4e43-b203-a92fb9938bc5,2026-06-08 13:22:24+00:00,2026-06-09 22:40:58.053470+00:00,1998.5675578333332
e78cea88-77f0-4d96-abc0-b74eec318e53,2026-06-08 15:25:45+00:00,2026-06-09 22:40:58.053470+00:00,1875.2175578333333
e7a9f82b-8ecb-49c3-898a-038d355b1bf5,2026-06-08 15:30:49+00:00,2026-06-09 22:40:58.053470+00:00,1870.1508911666667
e7dd6e48-59f3-4fe2-bc83-3d0328083584,2026-06-08 14:34:52+00:00,2026-06-09 22:40:58.053470+00:00,1926.1008911666665
e80bf903-8011-4887-8507-76220f26fce0,2026-06-08 13:12:06+00:00,2026-06-09 22:40:58.053470+00:00,2008.8675578333334
e819d567-0f11-4703-a33d-1ddbce95113a,2026-06-08 13:37:39+00:00,2026-06-09 22:40:58.053470+00:00,1983.3175578333332
e81bb9a8-9ef0-442a-9531-b5131cae9d82,2026-06-08 13:23:57+00:00,2026-06-09 22:40:58.053470+00:00,1997.0175578333333
e8244991-e350-42be-844e-b6b882199565,2026-06-08 13:35:52+00:00,2026-06-09 22:40:58.053470+00:00,1985.1008911666665
e843f392-df51-4b9a-8e46-2b98bd5f448c,2026-06-08 13:35:20+00:00,2026-06-09 22:40:58.053470+00:00,1985.6342245
e895b400-ca89-4810-97a7-384c25c97e04,2026-06-08 13:03:24+00:00,2026-06-09 22:40:58.053470+00:00,2017.5675578333332
e90fa4be-efb4-4383-aaee-ab8eba8d5088,2026-06-08 20:00:14+00:00,2026-06-10 00:03:36.950572+00:00,1683.3825095333334
e92c28f1-2315-4b66-8aad-f8994a05b820,2026-06-08 18:26:27+00:00,2026-06-09 22:40:58.053470+00:00,1694.5175578333333
e93d65de-2e96-421e-91d2-6bfbabfa9196,2026-06-08 16:52:15+00:00,2026-06-09 22:40:58.053470+00:00,1788.7175578333333
e97dc07d-fbb9-4257-980f-88aac60aee98,2026-06-08 19:34:14+00:00,2026-06-10 00:03:36.950572+00:00,1709.3825095333334
e9e5db0e-3ab2-46c7-9221-e8276b111dbf,2026-06-08 19:51:54+00:00,2026-06-10 00:03:36.950572+00:00,1691.7158428666667
ea1f911d-ec83-452e-8dde-c4a0c5d73003,2026-06-08 17:21:09+00:00,2026-06-09 22:40:58.053470+00:00,1759.8175578333332
ea6f129b-c976-4ceb-a41e-17b0095c665c,2026-06-08 15:37:57+00:00,2026-06-09 22:40:58.053470+00:00,1863.0175578333333
ea8b2731-280a-4033-bea8-4dfb933b84c7,2026-06-08 13:40:00+00:00,2026-06-09 22:40:58.053470+00:00,1980.9675578333333
ebce9515-8478-4e00-85ec-8dcef6ed1c25,2026-06-08 17:00:50+00:00,2026-06-09 22:40:58.053470+00:00,1780.1342245
ebcedfb0-8dbd-4553-a32d-1043ac0f59a1,2026-06-08 17:19:10+00:00,2026-06-09 22:40:58.053470+00:00,1761.8008911666666
ec30e18a-6cb2-4bba-a63c-97e484d98d2a,2026-06-08 16:48:56+00:00,2026-06-09 22:40:58.053470+00:00,1792.0342245
ec4c4c45-62e6-45a2-abe8-cf2d8fbe6201,2026-06-08 15:36:35+00:00,2026-06-09 22:40:58.053470+00:00,1864.3842245
ec677007-0d9b-4170-9475-c4e17617cd66,2026-06-08 20:47:27+00:00,2026-06-10 01:03:39.944905+00:00,1696.2157484166667
ec76695c-e3a3-44ee-8da9-7698c7b454fc,2026-06-08 14:30:28+00:00,2026-06-09 22:40:58.053470+00:00,1930.5008911666666
ec989451-4022-4187-a8e5-76d12c7f60c1,2026-06-08 20:39:31+00:00,2026-06-10 01:03:39.944905+00:00,1704.14908175
ece8fe63-0f5b-4dd2-9fb1-aca0f3bab356,2026-06-08 13:34:54+00:00,2026-06-09 22:40:58.053470+00:00,1986.0675578333332
ed07a63a-cfec-41a4-83f7-9d35448d2594,2026-06-08 16:12:55+00:00,2026-06-09 22:40:58.053470+00:00,1828.0508911666666
ed55b9d0-4045-4a08-adc9-fec4ad406bdf,2026-06-08 13:18:20+00:00,2026-06-09 22:40:58.053470+00:00,2002.6342245
ed646c19-03ac-400e-a505-ef83481a2670,2026-06-08 17:04:47+00:00,2026-06-09 22:40:58.053470+00:00,1776.1842245
edbfde58-cad5-4f65-b800-97f7f55eea2e,2026-06-08 18:30:05+00:00,2026-06-09 22:40:58.053470+00:00,1690.8842245
edff3c2a-bfeb-41f3-bd9e-37c119c7d2b0,2026-06-08 14:38:16+00:00,2026-06-09 22:40:58.053470+00:00,1922.7008911666667
ee0bb7ed-2560-4c82-ba1b-6373651badbc,2026-06-08 13:18:31+00:00,2026-06-09 22:40:58.053470+00:00,2002.4508911666667
ef9198ee-762f-4c60-b53a-a27af2eec09c,2026-06-08 15:39:53+00:00,2026-06-09 22:40:58.053470+00:00,1861.0842245
ef9418ba-61c0-4131-95ef-6860f5d263e7,2026-06-08 15:04:04+00:00,2026-06-09 22:40:58.053470+00:00,1896.9008911666667
efa0a1f1-329a-4b43-8c51-afb33b2f3012,2026-06-08 13:14:42+00:00,2026-06-09 22:40:58.053470+00:00,2006.2675578333333
efee2a9a-f456-430c-8963-4b36e4c2808a,2026-06-08 13:22:09+00:00,2026-06-09 22:40:58.053470+00:00,1998.8175578333332
effaa657-b3c6-4c7a-815f-d3168dcb6a2e,2026-06-08 14:36:28+00:00,2026-06-09 22:40:58.053470+00:00,1924.5008911666666
f01108df-1e43-4630-904f-171313a8ff20,2026-06-08 13:27:10+00:00,2026-06-09 22:40:58.053470+00:00,1993.8008911666666
f013ca66-2ccd-46cb-8699-cdf3fc071177,2026-06-08 13:19:19+00:00,2026-06-09 22:40:58.053470+00:00,2001.6508911666667
f0747c7b-04e1-499c-b280-91b0ade734f5,2026-06-08 15:16:44+00:00,2026-06-09 22:40:58.053470+00:00,1884.2342245
f0bc462f-c571-4c64-9cb0-2c53e0ce70cb,2026-06-08 14:13:51+00:00,2026-06-09 22:40:58.053470+00:00,1947.1175578333334
f137faa0-8a17-47f6-b0f9-842d66db5f04,2026-06-08 16:04:44+00:00,2026-06-09 22:40:58.053470+00:00,1836.2342245
f17f03b2-7d8e-498d-9f3d-454e04da2be4,2026-06-08 20:39:38+00:00,2026-06-10 01:03:39.944905+00:00,1704.0324150833333
f195774f-a0f7-417f-90ad-046afb857f06,2026-06-08 19:13:19+00:00,2026-06-09 23:33:34.443759+00:00,1700.2573959833333
f1d84548-0c26-44ae-8e09-bf4e689cb4e9,2026-06-08 19:55:06+00:00,2026-06-10 00:03:36.950572+00:00,1688.5158428666666
f275bef4-3c44-459c-8016-ddb86ec13f77,2026-06-08 15:44:12+00:00,2026-06-09 22:40:58.053470+00:00,1856.7675578333333
f2777f1e-756d-439e-b0bc-3a172e5cc50e,2026-06-08 13:13:29+00:00,2026-06-09 22:40:58.053470+00:00,2007.4842245
f2e1b6de-72b3-42e6-801c-0be4a1cfc67b,2026-06-08 20:54:06+00:00,2026-06-10 01:03:39.944905+00:00,1689.5657484166666
f30aefa0-0493-40ba-885e-eb4d7f09096c,2026-06-08 15:54:11+00:00,2026-06-09 22:40:58.053470+00:00,1846.7842245
f331ea45-7e87-42f7-a4fb-464458f76eed,2026-06-08 13:52:28+00:00,2026-06-09 22:40:58.053470+00:00,1968.5008911666666
f34405e3-baf9-4de6-891b-ef5d3c39a545,2026-06-08 14:10:06+00:00,2026-06-09 22:40:58.053470+00:00,1950.8675578333334
f350356a-4d54-482c-98cf-7fa97286f5f1,2026-06-08 20:09:42+00:00,2026-06-10 01:03:39.944905+00:00,1733.9657484166667
f374e326-cc02-43df-b652-be3afaf692f5,2026-06-08 18:39:49+00:00,2026-06-09 22:40:58.053470+00:00,1681.1508911666667
f39d3687-fab4-425c-9db3-f4d3dc943d39,2026-06-08 16:07:52+00:00,2026-06-09 22:40:58.053470+00:00,1833.1008911666665
f3ac9de0-5f9a-4132-b721-fc865ccc7365,2026-06-08 16:18:46+00:00,2026-06-09 22:40:58.053470+00:00,1822.2008911666667
f3de1b12-e0c6-4dea-953a-089bf0b7c16f,2026-06-08 16:25:15+00:00,2026-06-09 22:40:58.053470+00:00,1815.7175578333333
f554e23f-c88f-4b60-9abb-0117db9e839d,2026-06-08 18:18:45+00:00,2026-06-09 22:40:58.053470+00:00,1702.2175578333333
f577380a-1ca9-410f-8d92-1e73608eece2,2026-06-08 13:59:58+00:00,2026-06-09 22:40:58.053470+00:00,1961.0008911666666
f58162da-5377-4eee-97ea-51177647181f,2026-06-08 20:47:17+00:00,2026-06-10 01:03:39.944905+00:00,1696.3824150833332
f5fc20f4-51fb-4b3a-8c71-567175fc7d1e,2026-06-08 19:15:54+00:00,2026-06-09 23:33:34.443759+00:00,1697.67406265
f6804e55-0e4a-468c-ae8f-5e346cf249b4,2026-06-08 16:36:40+00:00,2026-06-09 22:40:58.053470+00:00,1804.3008911666666
f6865643-5d5a-41a0-a8fc-94a3ea8fb2fa,2026-06-08 16:54:00+00:00,2026-06-09 22:40:58.053470+00:00,1786.9675578333333
f69cc6bb-c5f2-4e13-8f37-5e3ce918676b,2026-06-08 13:44:58+00:00,2026-06-09 22:40:58.053470+00:00,1976.0008911666666
f6e53cbf-60dd-45d2-96a6-749f2bbe87a2,2026-06-08 13:54:45+00:00,2026-06-09 22:40:58.053470+00:00,1966.2175578333333
f6fddc5e-c4a1-4853-9e8a-7acaaa640aa3,2026-06-08 16:50:13+00:00,2026-06-09 22:40:58.053470+00:00,1790.7508911666666
f6ff5c56-c9a4-4cfc-8e71-ff6442492da0,2026-06-08 19:49:14+00:00,2026-06-10 00:03:36.950572+00:00,1694.3825095333334
f76acaa7-5cd4-4e1e-bff6-6c7b80afa7ee,2026-06-08 20:37:55+00:00,2026-06-10 01:03:39.944905+00:00,1705.74908175
f79d33b2-32ea-40b7-81de-1301e6f1364f,2026-06-08 13:56:10+00:00,2026-06-09 22:40:58.053470+00:00,1964.8008911666666
f7ea60c6-f4c7-4d8a-9c3f-a4d8dca0ddc6,2026-06-08 13:21:19+00:00,2026-06-09 22:40:58.053470+00:00,1999.6508911666667
f7eb1d06-6927-47b7-9e8f-6a64049f1e1f,2026-06-08 17:08:57+00:00,2026-06-09 22:40:58.053470+00:00,1772.0175578333333
f81bad0e-f401-489a-9598-ba7357e55774,2026-06-08 16:46:34+00:00,2026-06-09 22:40:58.053470+00:00,1794.4008911666667
f8885e12-de2e-48fe-a5cf-70137fa6aee1,2026-06-08 14:00:55+00:00,2026-06-09 22:40:58.053470+00:00,1960.0508911666666
f8b0f30f-ea5f-422e-af6c-6dfda4d88b57,2026-06-08 15:00:02+00:00,2026-06-09 22:40:58.053470+00:00,1900.9342245
f8e5c61f-407f-4748-abd2-2f9df3f6ec99,2026-06-08 13:11:33+00:00,2026-06-09 22:40:58.053470+00:00,2009.4175578333334
f9528d04-10b0-4c55-b0b9-269b38562609,2026-06-08 15:45:50+00:00,2026-06-09 22:40:58.053470+00:00,1855.1342245
f9b56d82-0315-48b5-8eaa-d93f54adf8c1,2026-06-08 14:48:33+00:00,2026-06-09 22:40:58.053470+00:00,1912.4175578333334
f9d56428-5664-432e-b20f-0e767751c0c2,2026-06-08 18:42:17+00:00,2026-06-09 22:42:31.836113+00:00,1680.24726855
f9d8d5db-f076-4ce2-a55c-d0bb49823fd8,2026-06-08 13:16:04+00:00,2026-06-09 22:40:58.053470+00:00,2004.9008911666667
f9ed1566-018a-4ce0-a806-b39b4d6f72ff,2026-06-08 20:18:08+00:00,2026-06-10 01:03:39.944905+00:00,1725.5324150833333
fa1ed712-bf14-4dc9-a485-c4a263a2d474,2026-06-08 13:06:23+00:00,2026-06-09 22:40:58.053470+00:00,2014.5842245
faca54cc-ff83-44f4-ba56-68b8941f23fb,2026-06-08 15:29:39+00:00,2026-06-09 22:40:58.053470+00:00,1871.3175578333332
fb0c8250-7b68-4f5b-9a4b-c2aea59358d6,2026-06-08 15:56:27+00:00,2026-06-09 22:40:58.053470+00:00,1844.5175578333333
fb1b9f2b-76ec-41d4-ad0b-65d29d8a1692,2026-06-08 17:02:00+00:00,2026-06-09 22:40:58.053470+00:00,1778.9675578333333
fb295a7d-777f-460a-849d-137789faf0d8,2026-06-08 18:09:29+00:00,2026-06-09 22:40:58.053470+00:00,1711.4842245
fb426522-7e58-40bc-b247-911a988fb712,2026-06-08 14:34:33+00:00,2026-06-09 22:40:58.053470+00:00,1926.4175578333334
fb54b10a-c794-4c90-954c-a7266a4eb0fa,2026-06-08 14:24:06+00:00,2026-06-09 22:40:58.053470+00:00,1936.8675578333334
fb9152fe-b252-4031-97e8-77c4cbe13af7,2026-06-08 14:20:29+00:00,2026-06-09 22:40:58.053470+00:00,1940.4842245
fc4dad7f-9066-4a8c-bade-57bcd1ea42bd,2026-06-08 15:41:45+00:00,2026-06-09 22:40:58.053470+00:00,1859.2175578333333
fc5cf69a-244e-4961-a55c-72dbc69d72b1,2026-06-08 20:08:22+00:00,2026-06-10 01:03:39.944905+00:00,1735.29908175
fc7916c2-f2da-4733-80e0-c220ea3dc94c,2026-06-08 19:33:10+00:00,2026-06-09 23:33:34.443759+00:00,1680.4073959833333
fc8dfa0d-871d-4bc9-9619-c368df36d633,2026-06-08 14:59:41+00:00,2026-06-09 22:40:58.053470+00:00,1901.2842245
fce23915-8886-4c98-ba96-031f6bcb03c8,2026-06-08 13:06:57+00:00,2026-06-09 22:40:58.053470+00:00,2014.0175578333333
fd0ce960-61f3-44fc-88be-c08a8d968623,2026-06-08 13:57:38+00:00,2026-06-09 22:40:58.053470+00:00,1963.3342245
fd86f13d-2bfa-45cc-b6be-05095048a2e2,2026-06-08 16:05:51+00:00,2026-06-09 22:40:58.053470+00:00,1835.1175578333334
fd9af7bb-5d00-4c25-883d-670897e9f855,2026-06-08 13:08:37+00:00,2026-06-09 22:40:58.053470+00:00,2012.3508911666665
fda88289-4a63-498a-9c6a-2c73035d8ff8,2026-06-08 14:50:05+00:00,2026-06-09 22:40:58.053470+00:00,1910.8842245
fdca23dc-90cb-4235-ba7e-4767f79f3f7e,2026-06-08 16:14:52+00:00,2026-06-09 22:40:58.053470+00:00,1826.1008911666665
fdd00a62-c786-4e8a-8a9f-7a41976bfacb,2026-06-08 13:02:10+00:00,2026-06-09 22:40:58.053470+00:00,2018.8008911666666
fdda4bf6-8c24-437e-ae5b-87d8810f79b9,2026-06-08 13:31:50+00:00,2026-06-09 22:40:58.053470+00:00,1989.1342245
fddd83fd-5a60-4df7-b7d5-cb7ce5b6363e,2026-06-08 15:05:05+00:00,2026-06-09 22:40:58.053470+00:00,1895.8842245
fe7445d9-f421-4b15-8e44-d7084f618ec0,2026-06-08 14:13:28+00:00,2026-06-09 22:40:58.053470+00:00,1947.5008911666666
feaaf7d0-9ea5-4232-8127-1a5270a9c94b,2026-06-08 18:25:46+00:00,2026-06-09 22:40:58.053470+00:00,1695.2008911666667
febaf7c6-1c8b-440e-9bb5-da3f1ce60209,2026-06-08 14:17:37+00:00,2026-06-09 22:40:58.053470+00:00,1943.3508911666665
fed4695e-63c2-4494-9a39-fbf158b2a52b,2026-06-08 17:15:25+00:00,2026-06-09 22:40:58.053470+00:00,1765.5508911666666
fefb43ed-4814-44a4-94a9-4335ca0845e8,2026-06-08 13:44:30+00:00,2026-06-09 22:40:58.053470+00:00,1976.4675578333333
feff88d3-9e04-4989-b9f4-9865cda72c70,2026-06-08 18:11:39+00:00,2026-06-09 22:40:58.053470+00:00,1709.3175578333332
ff090ce7-331a-4ab9-94e0-8c3cb09d8f97,2026-06-08 14:49:41+00:00,2026-06-09 22:40:58.053470+00:00,1911.2842245
ff545422-9b57-499f-bada-ab693cfbdbeb,2026-06-08 17:07:39+00:00,2026-06-09 22:40:58.053470+00:00,1773.3175578333332
ff7878d7-cd2f-4e8f-9501-69025e5880a5,2026-06-08 13:22:51+00:00,2026-06-09 22:40:58.053470+00:00,1998.1175578333334
ffd40475-f955-43e6-8ba7-9c4554b99933,2026-06-08 13:26:01+00:00,2026-06-09 22:40:58.053470+00:00,1994.9508911666667
ffeee5a7-468c-4ab5-91ec-8024532db271,2026-06-08 20:23:54+00:00,2026-06-10 01:03:39.944905+00:00,1719.7657484166666
